method_id,method_label,representation,model,split,train_size,n_seeds,mean_MAE,std_MAE,mean_RMSE,std_RMSE,mean_R2,std_R2
rdkit_rf,RDKit + RF,RDKit descriptors,RandomForest,random,500,5,0.15200183364105452,0.00631501894326965,0.22617025682518044,0.013720563813389458,0.7473892736078322,0.028174670429897006
rdkit_xgb,RDKit + XGB,RDKit descriptors,XGBoost,random,500,5,0.13556351661682126,0.004835911697765079,0.20670599389621258,0.013394663694897009,0.788892924785614,0.025461120867964617
rdkit_mlp,RDKit + MLP,RDKit descriptors,MLP,random,500,5,0.13419221639633175,0.008635586573042099,0.5194765663303113,0.4435050753986937,-1.123239552974701,2.6497437912542465
morgan_rf,Morgan + RF,Morgan fingerprints,RandomForest,random,500,5,0.19522836694643333,0.003894089411195655,0.27432359179780896,0.005149737769478621,0.629062270843202,0.013286542449939428
morgan_xgb,Morgan + XGB,Morgan fingerprints,XGBoost,random,500,5,0.18995192050933835,0.004783360915746811,0.2658803773467812,0.005509781842518152,0.6514836430549622,0.015139619009321904
morgan_mlp,Morgan + MLP,Morgan fingerprints,MLP,random,500,5,0.21059949994087215,0.0022921585746549377,0.29273129823658683,0.006016530176798291,0.577717661857605,0.012013722723657786
gine,2D graph + GINE,2D molecular graph,scratch GINE,random,500,5,0.15883380472660064,0.013240990821208705,0.22864712044844798,0.01352594195804394,0.7417154072888394,0.030084452556430462
rdkit_rf,RDKit + RF,RDKit descriptors,RandomForest,random,1000,5,0.13338805551271718,0.00629236317710294,0.20239154505715407,0.011733976607586188,0.7975869543694337,0.023824207849695377
rdkit_xgb,RDKit + XGB,RDKit descriptors,XGBoost,random,1000,5,0.12023096233606334,0.0022321326811652947,0.18334346222976616,0.008390220942096044,0.834142529964447,0.01403072471766583
rdkit_mlp,RDKit + MLP,RDKit descriptors,MLP,random,1000,5,0.1126955017447471,0.004657570386389067,0.30924892040274954,0.27810146036640687,0.20984830856323242,1.3811256005890462
morgan_rf,Morgan + RF,Morgan fingerprints,RandomForest,random,1000,5,0.17213460373086353,0.002848143777152876,0.2520807156964778,0.0074921352082823675,0.6867538983322568,0.015861013587014347
morgan_xgb,Morgan + XGB,Morgan fingerprints,XGBoost,random,1000,5,0.17527997791767116,0.003409382006128679,0.2504689910656362,0.011564680751711241,0.6905409455299377,0.025821910693726864
morgan_mlp,Morgan + MLP,Morgan fingerprints,MLP,random,1000,5,0.19067494273185726,0.0023810491920517336,0.26915774599619213,0.00715800967482416,0.642913556098938,0.01569809057294984
gine,2D graph + GINE,2D molecular graph,scratch GINE,random,1000,5,0.1344857037067413,0.006642139440212836,0.19666379024283762,0.008725089540567457,0.8092851796818193,0.014182813168245025
rdkit_rf,RDKit + RF,RDKit descriptors,RandomForest,random,2000,5,0.11528439446698602,0.0011321600072246273,0.17944501871777296,0.0055623405635428155,0.8412217324058775,0.009379344370902208
rdkit_xgb,RDKit + XGB,RDKit descriptors,XGBoost,random,2000,5,0.10777136534452433,0.0018718680638322633,0.16471894678039248,0.007312619454087593,0.8661435127258301,0.011080919544720238
rdkit_mlp,RDKit + MLP,RDKit descriptors,MLP,random,2000,5,0.09912439882755274,0.009074022542244788,0.39348676649002545,0.5380017720164418,-0.9454807877540589,4.091874511563027
morgan_rf,Morgan + RF,Morgan fingerprints,RandomForest,random,2000,5,0.15139040153683245,0.0015630015468881364,0.22839071569704247,0.006913988665604147,0.7428553269540517,0.013327200673483272
morgan_xgb,Morgan + XGB,Morgan fingerprints,XGBoost,random,2000,5,0.1650814980268478,0.0007513521115040247,0.23601609993879732,0.0064512334274863465,0.7254243612289428,0.012596246281397067
morgan_mlp,Morgan + MLP,Morgan fingerprints,MLP,random,2000,5,0.16874169111251827,0.0012968008555669078,0.24367322317854506,0.007816387620108552,0.7072778582572937,0.016160424205121895
gine,2D graph + GINE,2D molecular graph,scratch GINE,random,2000,5,0.11321240961551664,0.011330372976618801,0.1673249352873834,0.009039479377011397,0.8616285505810662,0.015808593715604658
rdkit_rf,RDKit + RF,RDKit descriptors,RandomForest,random,3000,5,0.10673486257767655,0.0010846403489125345,0.16896457207112064,0.006650028647084577,0.8591486923334136,0.011022744628226945
rdkit_xgb,RDKit + XGB,RDKit descriptors,XGBoost,random,3000,5,0.10175941884517666,0.0011934706797115514,0.15603242938950418,0.006606945967761249,0.8799004077911377,0.009524558337985342
rdkit_mlp,RDKit + MLP,RDKit descriptors,MLP,random,3000,5,0.0877971768379211,0.0014165186871303585,0.16136174945517326,0.063780942939207,0.8543711066246032,0.13195652287730184
morgan_rf,Morgan + RF,Morgan fingerprints,RandomForest,random,3000,5,0.14019934384192503,0.00104700403477673,0.21900875623628205,0.006962556104701487,0.7634834737986258,0.014033363155744072
morgan_xgb,Morgan + XGB,Morgan fingerprints,XGBoost,random,3000,5,0.16024363338947292,0.0028637832974751816,0.22929872620899924,0.006637159322320129,0.7408622026443481,0.011637975516483589
morgan_mlp,Morgan + MLP,Morgan fingerprints,MLP,random,3000,5,0.1533321261405944,0.0019459447379907508,0.22638996106441214,0.0053619612493147955,0.747420608997345,0.008788158140869471
gine,2D graph + GINE,2D molecular graph,scratch GINE,random,3000,5,0.09434134066104885,0.012878904912480237,0.1484762810640237,0.012384002447425747,0.8907922560002259,0.018052454666158787
rdkit_rf,RDKit + RF,RDKit descriptors,RandomForest,random,5000,5,0.09609354151511262,0.0007863009760327175,0.1520279493208212,0.006022998243969719,0.8860336358039804,0.0077364611865734486
rdkit_xgb,RDKit + XGB,RDKit descriptors,XGBoost,random,5000,5,0.09607544690370555,0.001837583066305075,0.14121186044273737,0.006105678020870524,0.9016468524932861,0.007454837843300348
rdkit_mlp,RDKit + MLP,RDKit descriptors,MLP,random,5000,5,0.08022635281085963,0.0021199239801437124,0.13285883678647586,0.02969968476489905,0.9096977472305298,0.043711738573322535
morgan_rf,Morgan + RF,Morgan fingerprints,RandomForest,random,5000,5,0.12782165685444266,0.0010536802031825248,0.20298027907044086,0.009992240652211489,0.7967781272749832,0.017388986700215624
morgan_xgb,Morgan + XGB,Morgan fingerprints,XGBoost,random,5000,5,0.15569673180580135,0.0024262780595208575,0.21995415063780221,0.008205343940367557,0.7615298628807068,0.01379038940210218
morgan_mlp,Morgan + MLP,Morgan fingerprints,MLP,random,5000,5,0.13603911399841306,0.0019224944682829234,0.2021541761633608,0.004576714845651698,0.7986095428466797,0.006477312607111235
gine,2D graph + GINE,2D molecular graph,scratch GINE,random,5000,5,0.08106172233819958,0.008132989017439099,0.13040418079361432,0.006655513310595882,0.9161047313306996,0.007467924203762804
rdkit_rf,RDKit + RF,RDKit descriptors,RandomForest,random,7000,5,0.08952373406391824,0.0009390465933320222,0.14385160054568252,0.004839709925817001,0.8979165728338241,0.007155266176867447
rdkit_xgb,RDKit + XGB,RDKit descriptors,XGBoost,random,7000,5,0.09362826496362679,0.0007867617116189626,0.13821555753853113,0.005545404237163333,0.9057661652565002,0.007061584089940296
rdkit_mlp,RDKit + MLP,RDKit descriptors,MLP,random,7000,5,0.07476319670677181,0.0028509060384792257,0.11442727859316151,0.005470931647635235,0.9354105353355407,0.005434832612109756
morgan_rf,Morgan + RF,Morgan fingerprints,RandomForest,random,7000,5,0.11859151982939486,0.0015057582899366258,0.19161148358336338,0.01085397934682095,0.8188149414998229,0.01824711992210983
morgan_xgb,Morgan + XGB,Morgan fingerprints,XGBoost,random,7000,5,0.1532897680997848,0.002364676458969032,0.21626946031768007,0.008067022127675096,0.769441294670105,0.01364806671140189
morgan_mlp,Morgan + MLP,Morgan fingerprints,MLP,random,7000,5,0.12345253527164454,0.003190428775192357,0.1878942629674427,0.0056830186473890735,0.8259752273559571,0.008652092385701592
gine,2D graph + GINE,2D molecular graph,scratch GINE,random,7000,5,0.07062035053968424,0.002378051587480008,0.11582523662124596,0.00696625100461335,0.9337322247734463,0.007381632492526958
rdkit_rf,RDKit + RF,RDKit descriptors,RandomForest,random,8000,5,0.08758883981626105,0.0008096690319724269,0.14179555312086442,0.00456442976536728,0.900817705432748,0.006709336961243784
rdkit_xgb,RDKit + XGB,RDKit descriptors,XGBoost,random,8000,5,0.0926731586456298,0.0019050968199122178,0.13479982950469846,0.0067996801888021334,0.9102784633636475,0.008997327520360157
rdkit_mlp,RDKit + MLP,RDKit descriptors,MLP,random,8000,5,0.07268549799919126,0.0014346840600999184,0.10927315858029914,0.0041944577212690935,0.9411270022392273,0.003821297631408524
morgan_rf,Morgan + RF,Morgan fingerprints,RandomForest,random,8000,5,0.11456542798682041,0.0016700329323433014,0.18511842339598164,0.01082646119810006,0.8308648091086145,0.017595043304239673
morgan_xgb,Morgan + XGB,Morgan fingerprints,XGBoost,random,8000,5,0.15274437069892882,0.0027539953643640532,0.21477221517860617,0.008412200443431462,0.7726123929023743,0.014142308240698433
morgan_mlp,Morgan + MLP,Morgan fingerprints,MLP,random,8000,5,0.11944156587123869,0.0016214250082955241,0.18176357390586956,0.005528006330543551,0.8371735572814941,0.0073991550132529085
gine,2D graph + GINE,2D molecular graph,scratch GINE,random,8000,5,0.06639497280120846,0.002692720495643447,0.10746682668938308,0.003149207159503646,0.9430451654549408,0.0033794143668725934
rdkit_rf,RDKit + RF,RDKit descriptors,RandomForest,random,10000,5,0.0836853583861434,0.001677783128217984,0.13809871361052664,0.006697730174415041,0.9058317792249635,0.00922358420926659
rdkit_xgb,RDKit + XGB,RDKit descriptors,XGBoost,random,10000,5,0.09168694615364073,0.002213797116007985,0.13349025547240184,0.0076995163764800555,0.9119779348373414,0.009940144472387771
rdkit_mlp,RDKit + MLP,RDKit descriptors,MLP,random,10000,5,0.06895465552806852,0.0009224131397227247,0.10380696933069511,0.005533511494418023,0.946769917011261,0.00585914067819284
morgan_rf,Morgan + RF,Morgan fingerprints,RandomForest,random,10000,5,0.10968617905967767,0.001369321057228771,0.1807501544182245,0.010962544395904526,0.8387046424359985,0.01788284534841642
morgan_xgb,Morgan + XGB,Morgan fingerprints,XGBoost,random,10000,5,0.15252502858638758,0.001662875303221743,0.21387133191667318,0.006808887269945579,0.7745391726493835,0.011511321526118256
morgan_mlp,Morgan + MLP,Morgan fingerprints,MLP,random,10000,5,0.11289743632078167,0.002748613290760934,0.17273993949954297,0.006729854454954814,0.8528870820999146,0.009401306578207785
gine,2D graph + GINE,2D molecular graph,scratch GINE,random,10000,5,0.0605665750801563,0.0017043833578719435,0.09898875066054709,0.0030522282383868052,0.951658165778985,0.0033517241786265245
rdkit_rf,RDKit + RF,RDKit descriptors,RandomForest,scaffold,500,5,0.1830148100245687,0.023947948307896542,0.2852023721577511,0.04150962639812058,0.6688540155958077,0.0490448985893949
rdkit_xgb,RDKit + XGB,RDKit descriptors,XGBoost,scaffold,500,5,0.16818921566009518,0.025655783446654156,0.2674083265415321,0.04436731337448529,0.7086746573448182,0.0557591881662464
rdkit_mlp,RDKit + MLP,RDKit descriptors,MLP,scaffold,500,5,0.1651808142662048,0.02372568421018965,0.3584143211453763,0.21175098188537808,0.32265429496765136,0.8767814748689436
morgan_rf,Morgan + RF,Morgan fingerprints,RandomForest,scaffold,500,5,0.22028075749215184,0.01889059763771265,0.3258222401207982,0.034340922195538505,0.5671335109651945,0.0331635658075643
morgan_xgb,Morgan + XGB,Morgan fingerprints,XGBoost,scaffold,500,5,0.2128480821847915,0.018403455333368367,0.3132751843899867,0.035632610595554705,0.5999698281288147,0.03715379677341033
morgan_mlp,Morgan + MLP,Morgan fingerprints,MLP,scaffold,500,5,0.25446015000343325,0.038995204604574035,0.36293531354017106,0.055847920074943706,0.4636364459991455,0.08915749469526364
gine,2D graph + GINE,2D molecular graph,scratch GINE,scaffold,500,5,0.1851651310920715,0.025864387664799204,0.27176620459957535,0.0421324777799634,0.6992221471722913,0.05057235582571763
rdkit_rf,RDKit + RF,RDKit descriptors,RandomForest,scaffold,1000,5,0.1615099719013418,0.022613932575772613,0.2605202793114085,0.03912105232155406,0.7233279482346302,0.046761935643671475
rdkit_xgb,RDKit + XGB,RDKit descriptors,XGBoost,scaffold,1000,5,0.15225753188133234,0.024940575778297707,0.24825855147217127,0.0437830789255916,0.748500394821167,0.0557640798571341
rdkit_mlp,RDKit + MLP,RDKit descriptors,MLP,scaffold,1000,5,0.14431811869144434,0.021794052639422898,0.2484165265455452,0.04268333280491738,0.7462530732154846,0.06276229730805469
morgan_rf,Morgan + RF,Morgan fingerprints,RandomForest,scaffold,1000,5,0.20446020098087025,0.02080227205674077,0.3096217687475339,0.03505107032818183,0.6090929953482158,0.03725445414444643
morgan_xgb,Morgan + XGB,Morgan fingerprints,XGBoost,scaffold,1000,5,0.20183078050613398,0.017843551791444028,0.29882471918970466,0.03760194124100937,0.6362346410751343,0.041355310124062704
morgan_mlp,Morgan + MLP,Morgan fingerprints,MLP,scaffold,1000,5,0.23695431351661683,0.03830168522085641,0.3394146866611648,0.05717988236952737,0.5306880950927735,0.09156272396844496
gine,2D graph + GINE,2D molecular graph,scratch GINE,scaffold,1000,5,0.17555632591247555,0.016917206144661422,0.256442334861526,0.029114744623160545,0.7317057500661402,0.028271942177061152
rdkit_rf,RDKit + RF,RDKit descriptors,RandomForest,scaffold,2000,5,0.14635082872691413,0.0197995013055056,0.23996770885685312,0.03523028957606992,0.7652629794717157,0.037342823842401465
rdkit_xgb,RDKit + XGB,RDKit descriptors,XGBoost,scaffold,2000,5,0.14178436547517773,0.027552062286208944,0.22567468376738406,0.04305100038531483,0.7921877861022949,0.050226502277595925
rdkit_mlp,RDKit + MLP,RDKit descriptors,MLP,scaffold,2000,5,0.13349152654409405,0.033490651474810305,0.22364189844548754,0.06431315140319521,0.7880558609962464,0.0953864415730735
morgan_rf,Morgan + RF,Morgan fingerprints,RandomForest,scaffold,2000,5,0.1951530973359991,0.028800889188603688,0.29751959273817646,0.043920749330094676,0.6387126470978408,0.0609578228485024
morgan_xgb,Morgan + XGB,Morgan fingerprints,XGBoost,scaffold,2000,5,0.19515334069728846,0.019314028041397785,0.28926250900276923,0.03725772711008607,0.659160578250885,0.04040757652818409
morgan_mlp,Morgan + MLP,Morgan fingerprints,MLP,scaffold,2000,5,0.21240034401416774,0.03166287564902787,0.3135155879304098,0.05037677365013772,0.5995603680610657,0.07316555802566412
gine,2D graph + GINE,2D molecular graph,scratch GINE,scaffold,2000,5,0.1324619591236114,0.02007398322314898,0.20874477073877715,0.03629429404491116,0.8223041823639413,0.03721865554887873
rdkit_rf,RDKit + RF,RDKit descriptors,RandomForest,scaffold,3000,5,0.1403850202989898,0.021152702745507367,0.2308719696023262,0.03643228441630024,0.7828820591661027,0.0382301975771447
rdkit_xgb,RDKit + XGB,RDKit descriptors,XGBoost,scaffold,3000,5,0.13383149504661557,0.024197067723028747,0.2103624884748183,0.03976579312412484,0.8195296883583069,0.04257827850396953
rdkit_mlp,RDKit + MLP,RDKit descriptors,MLP,scaffold,3000,5,0.12625052481889723,0.030881915193696655,0.2064318318811095,0.07245409747656943,0.8201582789421081,0.10501442132847238
morgan_rf,Morgan + RF,Morgan fingerprints,RandomForest,scaffold,3000,5,0.18693910932771168,0.028106956824009453,0.2881500386130437,0.04175141689759488,0.6614299444357704,0.05363230667443495
morgan_xgb,Morgan + XGB,Morgan fingerprints,XGBoost,scaffold,3000,5,0.18874286413192748,0.016364486298513167,0.2816130660862767,0.03265019136750221,0.6767997741699219,0.030261894433093534
morgan_mlp,Morgan + MLP,Morgan fingerprints,MLP,scaffold,3000,5,0.19944948256015774,0.029096643423947483,0.2992638544999423,0.048694180060858634,0.6352578401565552,0.06685210614688501
gine,2D graph + GINE,2D molecular graph,scratch GINE,scaffold,3000,5,0.1249950587749481,0.021306124026355476,0.19933795239584476,0.03804227105074669,0.8379101156741602,0.038693857688657525
rdkit_rf,RDKit + RF,RDKit descriptors,RandomForest,scaffold,5000,5,0.13515070716890593,0.02763099510998947,0.22368262868344138,0.04654519656414697,0.7955749408170546,0.05649371718234794
rdkit_xgb,RDKit + XGB,RDKit descriptors,XGBoost,scaffold,5000,5,0.1285376742482185,0.02527110131464766,0.2001212978416092,0.045848578597619725,0.8359982132911682,0.0517451513968814
rdkit_mlp,RDKit + MLP,RDKit descriptors,MLP,scaffold,5000,5,0.10906133651733396,0.023965787166589817,0.18919670562121232,0.07377208221150848,0.8466649532318116,0.1019463338105163
morgan_rf,Morgan + RF,Morgan fingerprints,RandomForest,scaffold,5000,5,0.17874405335916027,0.03484498386920867,0.279268299444292,0.04838420974720413,0.6822255141322661,0.06491540136485918
morgan_xgb,Morgan + XGB,Morgan fingerprints,XGBoost,scaffold,5000,5,0.18526068627834316,0.016818828617189252,0.2756449628925618,0.03454616650968145,0.6904973745346069,0.034199387891688526
morgan_mlp,Morgan + MLP,Morgan fingerprints,MLP,scaffold,5000,5,0.18439151644706722,0.025492935313953923,0.28083606024313795,0.04637185988269928,0.6786733508110047,0.060939637458483915
gine,2D graph + GINE,2D molecular graph,scratch GINE,scaffold,5000,5,0.11082541197538372,0.011691981605355187,0.18209189241104515,0.03155072878154,0.8645722065461356,0.029249946486475022
rdkit_rf,RDKit + RF,RDKit descriptors,RandomForest,scaffold,7000,5,0.13020461466616345,0.026271638713491485,0.22005821608475049,0.04516042628259802,0.8021743470960454,0.05342985697403595
rdkit_xgb,RDKit + XGB,RDKit descriptors,XGBoost,scaffold,7000,5,0.12668479532003396,0.02641261106462967,0.19713457133878523,0.04629593959629359,0.8406920909881592,0.052182323994260024
rdkit_mlp,RDKit + MLP,RDKit descriptors,MLP,scaffold,7000,5,0.10976369082927699,0.035896995024790206,0.2085474683356142,0.12306087376788688,0.7946274757385254,0.2198493723137462
morgan_rf,Morgan + RF,Morgan fingerprints,RandomForest,scaffold,7000,5,0.17797613681834573,0.042098086142834765,0.2771498695419794,0.053330245538938774,0.6864214665987145,0.07741894784040083
morgan_xgb,Morgan + XGB,Morgan fingerprints,XGBoost,scaffold,7000,5,0.18196168243885036,0.017668834292354982,0.2721726145173784,0.03613177626760531,0.6983096957206726,0.037683529899485174
morgan_mlp,Morgan + MLP,Morgan fingerprints,MLP,scaffold,7000,5,0.1724458038806915,0.028361945930378114,0.2656977815553875,0.05018984152119831,0.7120790004730224,0.06796647394919793
gine,2D graph + GINE,2D molecular graph,scratch GINE,scaffold,7000,5,0.09585175812244409,0.015490773204603807,0.1706784036518122,0.03507823349558673,0.8809295296858783,0.03240911704679929
rdkit_rf,RDKit + RF,RDKit descriptors,RandomForest,scaffold,8000,5,0.12839965048086305,0.026486482635781242,0.2161241914387248,0.04705588563995786,0.8089774180711528,0.05629220500137926
rdkit_xgb,RDKit + XGB,RDKit descriptors,XGBoost,scaffold,8000,5,0.12558985203504558,0.026143278096647626,0.194118651250821,0.04738509375421186,0.8453268766403198,0.05382692291079731
rdkit_mlp,RDKit + MLP,RDKit descriptors,MLP,scaffold,8000,5,0.1097248390316963,0.03522078993367276,0.1701148354653274,0.057160335116891434,0.8779571175575256,0.06508397506923644
morgan_rf,Morgan + RF,Morgan fingerprints,RandomForest,scaffold,8000,5,0.1722434096419768,0.03707381692354993,0.27179623908858,0.0495043373260617,0.6986649906183324,0.06779436459061419
morgan_xgb,Morgan + XGB,Morgan fingerprints,XGBoost,scaffold,8000,5,0.18306979537010187,0.01770869571125487,0.2730564152161457,0.036216876885203524,0.6962911725044251,0.0382962860530993
morgan_mlp,Morgan + MLP,Morgan fingerprints,MLP,scaffold,8000,5,0.16765437126159663,0.026899821092688018,0.2590348714323679,0.05007498416345044,0.7261347293853759,0.06754975382569713
gine,2D graph + GINE,2D molecular graph,scratch GINE,scaffold,8000,5,0.09832286834716794,0.01679277108861355,0.17095318230806736,0.032761926893224366,0.8806757745852984,0.029266216856966277
rdkit_rf,RDKit + RF,RDKit descriptors,RandomForest,scaffold,10000,5,0.12385639627448682,0.025543581830577,0.2093235324512052,0.04877494601707794,0.8202482687094005,0.059032841789906705
rdkit_xgb,RDKit + XGB,RDKit descriptors,XGBoost,scaffold,10000,5,0.12312281727790828,0.024302522935589713,0.18978006808420222,0.04669805814287933,0.8520735502243042,0.05224554324003763
rdkit_mlp,RDKit + MLP,RDKit descriptors,MLP,scaffold,10000,5,0.10476193577051156,0.032864923030485875,0.19309434838282075,0.10750858534837322,0.8272488713264465,0.17433479561254336
morgan_rf,Morgan + RF,Morgan fingerprints,RandomForest,scaffold,10000,5,0.17010587148233808,0.038273046137671705,0.26997006881029434,0.05153023926425447,0.702602506207967,0.0718326461502312
morgan_xgb,Morgan + XGB,Morgan fingerprints,XGBoost,scaffold,10000,5,0.18210351765155788,0.018903829006139877,0.2695237656241968,0.03748142558817498,0.7041406631469727,0.0408418537877134
morgan_mlp,Morgan + MLP,Morgan fingerprints,MLP,scaffold,10000,5,0.15937223136425016,0.026850227758123443,0.24956265610234407,0.05097878809035838,0.7456796646118165,0.0675976958679158
gine,2D graph + GINE,2D molecular graph,scratch GINE,scaffold,10000,5,0.09282046705484386,0.014686450777475062,0.1621271045673361,0.04046622685214643,0.8920467504110061,0.03861069035271104
