method_id,method_label,train_size,seed,random_MAE,scaffold_MAE,gap_seed,mean_gap,std_gap,n_seeds
rdkit_rf,RDKit + RF,500,11,0.1501721475531769,0.1589225003408746,0.008750352787697702,0.0310129763835142,0.01894930777796178,5
rdkit_rf,RDKit + RF,500,22,0.1430347004390344,0.1680631605046047,0.0250284600655703,0.0310129763835142,0.01894930777796178,5
rdkit_rf,RDKit + RF,500,33,0.1506435596318499,0.1704574740101929,0.01981391437834301,0.0310129763835142,0.01894930777796178,5
rdkit_rf,RDKit + RF,500,44,0.1582252794569025,0.2081111205336838,0.04988584107678129,0.0310129763835142,0.01894930777796178,5
rdkit_rf,RDKit + RF,500,55,0.1579334811243088,0.2095197947334875,0.0515863136091787,0.0310129763835142,0.01894930777796178,5
rdkit_xgb,RDKit + XGB,500,11,0.1359194219112396,0.1413188129663467,0.005399391055107117,0.03262569904327393,0.02342907805319846,5
rdkit_xgb,RDKit + XGB,500,22,0.131653606891632,0.1534194052219391,0.02176579833030709,0.03262569904327393,0.02342907805319846,5
rdkit_xgb,RDKit + XGB,500,33,0.1309351474046707,0.1564714312553405,0.025536283850669805,0.03262569904327393,0.02342907805319846,5
rdkit_xgb,RDKit + XGB,500,44,0.1430629789829254,0.1867482811212539,0.043685302138328524,0.03262569904327393,0.02342907805319846,5
rdkit_xgb,RDKit + XGB,500,55,0.1362464278936386,0.2029881477355957,0.06674171984195709,0.03262569904327393,0.02342907805319846,5
rdkit_mlp,RDKit + MLP,500,11,0.1290892213582992,0.1396848857402801,0.010595664381980896,0.03098859786987304,0.022519525863987176,5
rdkit_mlp,RDKit + MLP,500,22,0.1433674991130828,0.1503325402736663,0.006965041160583496,0.03098859786987304,0.022519525863987176,5
rdkit_mlp,RDKit + MLP,500,33,0.1230437308549881,0.155175507068634,0.03213177621364591,0.03098859786987304,0.022519525863987176,5
rdkit_mlp,RDKit + MLP,500,44,0.1333290636539459,0.1929513365030288,0.05962227284908289,0.03098859786987304,0.022519525863987176,5
rdkit_mlp,RDKit + MLP,500,55,0.1421315670013427,0.1877598017454147,0.045628234744072016,0.03098859786987304,0.022519525863987176,5
morgan_rf,Morgan + RF,500,11,0.1928965077707146,0.1976242416527263,0.004727733882011698,0.025052390545718478,0.016632777165753506,5
morgan_rf,Morgan + RF,500,22,0.1936549422222671,0.2086655249756405,0.015010582753373414,0.025052390545718478,0.016632777165753506,5
morgan_rf,Morgan + RF,500,33,0.191391491637269,0.2181063035054675,0.02671481186819849,0.025052390545718478,0.016632777165753506,5
morgan_rf,Morgan + RF,500,44,0.2011057329268693,0.2310776787132724,0.02997194578640308,0.025052390545718478,0.016632777165753506,5
morgan_rf,Morgan + RF,500,55,0.1970931601750467,0.2459300386136524,0.04883687843860571,0.025052390545718478,0.016632777165753506,5
morgan_xgb,Morgan + XGB,500,11,0.1905290186405182,0.1896131783723831,-0.0009158402681350986,0.0228961616754532,0.021363352858840112,5
morgan_xgb,Morgan + XGB,500,22,0.1926904916763305,0.2026427835226059,0.009952291846275385,0.0228961616754532,0.021363352858840112,5
morgan_xgb,Morgan + XGB,500,33,0.1902918666601181,0.2111543715000152,0.0208625048398971,0.0228961616754532,0.021363352858840112,5
morgan_xgb,Morgan + XGB,500,44,0.1943245977163314,0.2236817181110382,0.02935712039470681,0.0228961616754532,0.021363352858840112,5
morgan_xgb,Morgan + XGB,500,55,0.1819236278533935,0.2371483594179153,0.05522473156452179,0.0228961616754532,0.021363352858840112,5
morgan_mlp,Morgan + MLP,500,11,0.2123748064041137,0.21319180727005,0.000817000865936307,0.04386065006256104,0.03890021388466397,5
morgan_mlp,Morgan + MLP,500,22,0.2070985585451126,0.2284208685159683,0.021322309970855685,0.04386065006256104,0.03890021388466397,5
morgan_mlp,Morgan + MLP,500,33,0.2118384391069412,0.2387725263833999,0.026934087276458712,0.04386065006256104,0.03890021388466397,5
morgan_mlp,Morgan + MLP,500,44,0.2122489511966705,0.2983217239379883,0.08607277274131778,0.04386065006256104,0.03890021388466397,5
morgan_mlp,Morgan + MLP,500,55,0.2094367444515228,0.2935938239097595,0.08415707945823672,0.04386065006256104,0.03890021388466397,5
gine,2D graph + GINE,500,11,0.165743887424469,0.1516711413860321,-0.01407274603843689,0.02633132636547088,0.027418136009508307,5
gine,2D graph + GINE,500,22,0.1460286378860473,0.1661616563796997,0.0201330184936524,0.02633132636547088,0.027418136009508307,5
gine,2D graph + GINE,500,33,0.1520083397626876,0.1898308247327804,0.0378224849700928,0.02633132636547088,0.027418136009508307,5
gine,2D graph + GINE,500,44,0.1786492019891739,0.2053946256637573,0.026745423674583407,0.02633132636547088,0.027418136009508307,5
gine,2D graph + GINE,500,55,0.1517389565706253,0.212767407298088,0.061028450727462685,0.02633132636547088,0.027418136009508307,5
rdkit_rf,RDKit + RF,1000,11,0.1302334762881942,0.1426778234678677,0.012444347179673493,0.028121916388624636,0.016658799911874255,5
rdkit_rf,RDKit + RF,1000,22,0.1306762173147224,0.1489558496914168,0.018279632376694388,0.028121916388624636,0.016658799911874255,5
rdkit_rf,RDKit + RF,1000,33,0.1271214486342141,0.1487372705084996,0.021615821874285512,0.028121916388624636,0.016658799911874255,5
rdkit_rf,RDKit + RF,1000,44,0.1356999438604968,0.1695332372224768,0.03383329336197999,0.028121916388624636,0.016658799911874255,5
rdkit_rf,RDKit + RF,1000,55,0.1432091914659584,0.1976456786164482,0.05443648715048979,0.028121916388624636,0.016658799911874255,5
rdkit_xgb,RDKit + XGB,1000,11,0.1214425265789032,0.1292145401239395,0.007772013545036288,0.03202656954526902,0.023817480237446738,5
rdkit_xgb,RDKit + XGB,1000,22,0.1189054772257804,0.1407119184732437,0.02180644124746331,0.03202656954526902,0.023817480237446738,5
rdkit_xgb,RDKit + XGB,1000,33,0.1169483587145805,0.1393888592720031,0.022440500557422596,0.03202656954526902,0.023817480237446738,5
rdkit_xgb,RDKit + XGB,1000,44,0.1216453313827514,0.1596743762493133,0.038029044866561904,0.03202656954526902,0.023817480237446738,5
rdkit_xgb,RDKit + XGB,1000,55,0.1222131177783012,0.1922979652881622,0.070084847509861,0.03202656954526902,0.023817480237446738,5
rdkit_mlp,RDKit + MLP,1000,11,0.1116637289524078,0.1262914985418319,0.014627769589424092,0.031622616946697234,0.023120976423859185,5
rdkit_mlp,RDKit + MLP,1000,22,0.120114155113697,0.1280539035797119,0.00793974846601489,0.031622616946697234,0.023120976423859185,5
rdkit_mlp,RDKit + MLP,1000,33,0.1074272915720939,0.1319718807935714,0.024544589221477495,0.031622616946697234,0.023120976423859185,5
rdkit_mlp,RDKit + MLP,1000,44,0.1132064759731292,0.161699429154396,0.0484929531812668,0.031622616946697234,0.023120976423859185,5
rdkit_mlp,RDKit + MLP,1000,55,0.1110658571124076,0.1735738813877105,0.06250802427530289,0.031622616946697234,0.023120976423859185,5
morgan_rf,Morgan + RF,1000,11,0.1740443594984087,0.1864650664257625,0.01242070692735378,0.03232559725000671,0.02048404970866453,5
morgan_rf,Morgan + RF,1000,22,0.1696942477585324,0.1814513970218968,0.011757149263364408,0.03232559725000671,0.02048404970866453,5
morgan_rf,Morgan + RF,1000,33,0.1691068619902405,0.2080715022009844,0.03896464021074389,0.03232559725000671,0.02048404970866453,5
morgan_rf,Morgan + RF,1000,44,0.1758304213572101,0.2140581130308106,0.03822769167360049,0.03232559725000671,0.02048404970866453,5
morgan_rf,Morgan + RF,1000,55,0.171997128049926,0.232254926224897,0.06025779817497098,0.03232559725000671,0.02048404970866453,5
morgan_xgb,Morgan + XGB,1000,11,0.1801516562700271,0.1786183565855026,-0.0015332996845245084,0.026550802588462808,0.020671734770903356,5
morgan_xgb,Morgan + XGB,1000,22,0.1748804450035095,0.192942127585411,0.018061682581901495,0.026550802588462808,0.020671734770903356,5
morgan_xgb,Morgan + XGB,1000,33,0.174088567495346,0.1996280252933502,0.025539457798004178,0.026550802588462808,0.020671734770903356,5
morgan_xgb,Morgan + XGB,1000,44,0.1764504462480545,0.2133918106555938,0.036941364407539284,0.026550802588462808,0.020671734770903356,5
morgan_xgb,Morgan + XGB,1000,55,0.1708287745714187,0.2245735824108123,0.05374480783939359,0.026550802588462808,0.020671734770903356,5
morgan_mlp,Morgan + MLP,1000,11,0.1947246193885803,0.2000194191932678,0.0052947998046875,0.046279370784759535,0.03918176130235338,5
morgan_mlp,Morgan + MLP,1000,22,0.1897789984941482,0.2152513563632965,0.02547235786914831,0.046279370784759535,0.03918176130235338,5
morgan_mlp,Morgan + MLP,1000,33,0.1887180656194687,0.2131337225437164,0.024415656924247714,0.046279370784759535,0.03918176130235338,5
morgan_mlp,Morgan + MLP,1000,44,0.1893948316574096,0.2724497020244598,0.08305487036705017,0.046279370784759535,0.03918176130235338,5
morgan_mlp,Morgan + MLP,1000,55,0.1907581984996795,0.2839173674583435,0.093159168958664,0.046279370784759535,0.03918176130235338,5
gine,2D graph + GINE,1000,11,0.1427785754203796,0.147258460521698,0.004479885101318387,0.04107062220573428,0.022755810758392694,5
gine,2D graph + GINE,1000,22,0.1290927678346634,0.1805970221757888,0.051504254341125405,0.04107062220573428,0.022755810758392694,5
gine,2D graph + GINE,1000,33,0.1404964625835418,0.174107015132904,0.03361055254936221,0.04107062220573428,0.022755810758392694,5
gine,2D graph + GINE,1000,44,0.1288498640060424,0.18553426861763,0.05668440461158761,0.04107062220573428,0.022755810758392694,5
gine,2D graph + GINE,1000,55,0.1312108486890792,0.190284863114357,0.05907401442527779,0.04107062220573428,0.022755810758392694,5
rdkit_rf,RDKit + RF,2000,11,0.1137540456150383,0.1321499676486924,0.018395922033654116,0.03106643425992812,0.019548499177759058,5
rdkit_rf,RDKit + RF,2000,22,0.1147573670931787,0.1352701500241767,0.020512782930997994,0.03106643425992812,0.019548499177759058,5
rdkit_rf,RDKit + RF,2000,33,0.1164327314420692,0.1289241180421907,0.012491386600121501,0.03106643425992812,0.019548499177759058,5
rdkit_rf,RDKit + RF,2000,44,0.1163616362127181,0.1639668035011847,0.0476051672884666,0.03106643425992812,0.019548499177759058,5
rdkit_rf,RDKit + RF,2000,55,0.1151161919719258,0.1714431044183262,0.056326912446400396,0.03106643425992812,0.019548499177759058,5
rdkit_xgb,RDKit + XGB,2000,11,0.1090118661522865,0.1167705431580543,0.0077586770057677945,0.03401300013065338,0.026599455693203853,5
rdkit_xgb,RDKit + XGB,2000,22,0.1051507368683815,0.1256646364927292,0.020513899624347687,0.03401300013065338,0.026599455693203853,5
rdkit_xgb,RDKit + XGB,2000,33,0.1066203042864799,0.1229902356863021,0.016369931399822207,0.03401300013065338,0.026599455693203853,5
rdkit_xgb,RDKit + XGB,2000,44,0.1083019003272056,0.1707370728254318,0.062435172498226194,0.03401300013065338,0.026599455693203853,5
rdkit_xgb,RDKit + XGB,2000,55,0.1097720190882682,0.1727593392133712,0.062987320125103,0.03401300013065338,0.026599455693203853,5
rdkit_mlp,RDKit + MLP,2000,11,0.0926212966442108,0.1137964725494384,0.021175175905227592,0.034367127716541296,0.03477097839318933,5
rdkit_mlp,RDKit + MLP,2000,22,0.1142905727028846,0.1124398782849311,-0.001850694417953505,0.034367127716541296,0.03477097839318933,5
rdkit_mlp,RDKit + MLP,2000,33,0.0929209887981414,0.1060425639152526,0.013121575117111206,0.034367127716541296,0.03477097839318933,5
rdkit_mlp,RDKit + MLP,2000,44,0.1006821393966674,0.1845696121454239,0.08388747274875649,0.034367127716541296,0.03477097839318933,5
rdkit_mlp,RDKit + MLP,2000,55,0.0951069965958595,0.1506091058254242,0.055502109229564695,0.034367127716541296,0.03477097839318933,5
morgan_rf,Morgan + RF,2000,11,0.1509432564600423,0.1786966339910913,0.027753377531049006,0.04376269579916664,0.028875035756301796,5
morgan_rf,Morgan + RF,2000,22,0.1526935812016123,0.1624791769364792,0.009785595734866898,0.04376269579916664,0.028875035756301796,5
morgan_rf,Morgan + RF,2000,33,0.1491627987709347,0.187459378152855,0.0382965793819203,0.04376269579916664,0.028875035756301796,5
morgan_rf,Morgan + RF,2000,44,0.1530688753225057,0.2111982178852502,0.05812934256274449,0.04376269579916664,0.028875035756301796,5
morgan_rf,Morgan + RF,2000,55,0.1510834959290672,0.2359320797143197,0.08484858378525251,0.04376269579916664,0.028875035756301796,5
morgan_xgb,Morgan + XGB,2000,11,0.1646035015583038,0.1751852333545684,0.010581731796264593,0.030071842670440663,0.019628513813978773,5
morgan_xgb,Morgan + XGB,2000,22,0.1662560999393463,0.1805905401706695,0.014334440231323187,0.030071842670440663,0.019628513813978773,5
morgan_xgb,Morgan + XGB,2000,33,0.1649244576692581,0.1901145130395889,0.02519005537033081,0.030071842670440663,0.019628513813978773,5
morgan_xgb,Morgan + XGB,2000,44,0.1653014719486236,0.2088944315910339,0.043592959642410306,0.030071842670440663,0.019628513813978773,5
morgan_xgb,Morgan + XGB,2000,55,0.1643219590187072,0.2209819853305816,0.05666002631187442,0.030071842670440663,0.019628513813978773,5
morgan_mlp,Morgan + MLP,2000,11,0.170201227068901,0.1778291314840316,0.0076279044151305875,0.04365865290164948,0.031747193823088736,5
morgan_mlp,Morgan + MLP,2000,22,0.1674354672431945,0.1922443658113479,0.02480889856815341,0.04365865290164948,0.031747193823088736,5
morgan_mlp,Morgan + MLP,2000,33,0.1685311496257782,0.2005732804536819,0.03204213082790369,0.04365865290164948,0.031747193823088736,5
morgan_mlp,Morgan + MLP,2000,44,0.169962853193283,0.2508786618709564,0.08091580867767342,0.04365865290164948,0.031747193823088736,5
morgan_mlp,Morgan + MLP,2000,55,0.1675777584314346,0.2404762804508209,0.07289852201938629,0.04365865290164948,0.031747193823088736,5
gine,2D graph + GINE,2000,11,0.0978802815079689,0.1213475987315177,0.023467317223548792,0.019249549508094738,0.01420487959208909,5
gine,2D graph + GINE,2000,22,0.1091439127922058,0.1148215979337692,0.005677685141563402,0.019249549508094738,0.01420487959208909,5
gine,2D graph + GINE,2000,33,0.1126119196414947,0.1176947131752967,0.005082793533802005,0.019249549508094738,0.01420487959208909,5
gine,2D graph + GINE,2000,44,0.1287582218647003,0.151773914694786,0.0230156928300857,0.019249549508094738,0.01420487959208909,5
gine,2D graph + GINE,2000,55,0.1176677122712135,0.1566719710826873,0.03900425881147379,0.019249549508094738,0.01420487959208909,5
rdkit_rf,RDKit + RF,3000,11,0.1058599442204095,0.1224965005146865,0.016636556294277002,0.03365015772131326,0.021573397811172252,5
rdkit_rf,RDKit + RF,3000,22,0.107999487764949,0.130477166048105,0.022477678283156,0.03365015772131326,0.021573397811172252,5
rdkit_rf,RDKit + RF,3000,33,0.1075569782682752,0.1227673390442791,0.015210360776003892,0.03365015772131326,0.021573397811172252,5
rdkit_rf,RDKit + RF,3000,44,0.1054467165226229,0.1592202449983201,0.053773528475697205,0.03365015772131326,0.021573397811172252,5
rdkit_rf,RDKit + RF,3000,55,0.1068111861121262,0.1669638508895584,0.060152664777432197,0.03365015772131326,0.021573397811172252,5
rdkit_xgb,RDKit + XGB,3000,11,0.1033254265785217,0.1103021502494812,0.0069767236709595,0.03207207620143892,0.024262215126881637,5
rdkit_xgb,RDKit + XGB,3000,22,0.1000692322850227,0.1210535690188407,0.020984336733818013,0.03207207620143892,0.024262215126881637,5
rdkit_xgb,RDKit + XGB,3000,33,0.1015597283840179,0.1178194358944892,0.016259707510471302,0.03207207620143892,0.024262215126881637,5
rdkit_xgb,RDKit + XGB,3000,44,0.1015366092324256,0.1598416566848755,0.05830504745244988,0.03207207620143892,0.024262215126881637,5
rdkit_xgb,RDKit + XGB,3000,55,0.1023060977458953,0.1601406633853912,0.057834565639495905,0.03207207620143892,0.024262215126881637,5
rdkit_mlp,RDKit + MLP,3000,11,0.0887425541877746,0.1019051820039749,0.013162627816200298,0.038453347980976126,0.032212017685140766,5
rdkit_mlp,RDKit + MLP,3000,22,0.0892818942666053,0.1076778173446655,0.018395923078060206,0.038453347980976126,0.032212017685140766,5
rdkit_mlp,RDKit + MLP,3000,33,0.0883815810084343,0.104908637702465,0.016527056694030706,0.038453347980976126,0.032212017685140766,5
rdkit_mlp,RDKit + MLP,3000,44,0.0861435607075691,0.1717405766248703,0.0855970159173012,0.038453347980976126,0.032212017685140766,5
rdkit_mlp,RDKit + MLP,3000,55,0.0864362940192222,0.1450204104185104,0.058584116399288205,0.038453347980976126,0.032212017685140766,5
morgan_rf,Morgan + RF,3000,11,0.1398124917212956,0.1680477571822254,0.028235265460929804,0.04673976548578666,0.028031803763945776,5
morgan_rf,Morgan + RF,3000,22,0.1413168368613494,0.1576021089083456,0.016285272046996202,0.04673976548578666,0.028031803763945776,5
morgan_rf,Morgan + RF,3000,33,0.1391939773673645,0.1773133707683161,0.03811939340095161,0.04673976548578666,0.028031803763945776,5
morgan_rf,Morgan + RF,3000,44,0.1393523475072064,0.2064784359066096,0.0671260883994032,0.04673976548578666,0.028031803763945776,5
morgan_rf,Morgan + RF,3000,55,0.1413210657524092,0.2252538738730617,0.08393280812065251,0.04673976548578666,0.028031803763945776,5
morgan_xgb,Morgan + XGB,3000,11,0.1604399979114532,0.1711995154619217,0.0107595175504685,0.028499230742454564,0.017940606193458383,5
morgan_xgb,Morgan + XGB,3000,22,0.1599689126014709,0.1754277944564819,0.015458881855011014,0.028499230742454564,0.017940606193458383,5
morgan_xgb,Morgan + XGB,3000,33,0.1648612320423126,0.1863473057746887,0.0214860737323761,0.028499230742454564,0.017940606193458383,5
morgan_xgb,Morgan + XGB,3000,44,0.1587042212486267,0.2016635537147522,0.04295933246612549,0.028499230742454564,0.017940606193458383,5
morgan_xgb,Morgan + XGB,3000,55,0.1572438031435012,0.2090761512517929,0.05183234810829171,0.028499230742454564,0.017940606193458383,5
morgan_mlp,Morgan + MLP,3000,11,0.1539350748062133,0.1673565208911895,0.013421446084976196,0.04611735641956332,0.029635375821814493,5
morgan_mlp,Morgan + MLP,3000,22,0.1511148512363433,0.1821512132883072,0.03103636205196389,0.04611735641956332,0.029635375821814493,5
morgan_mlp,Morgan + MLP,3000,33,0.1563055217266082,0.1876123696565628,0.03130684792995461,0.04611735641956332,0.029635375821814493,5
morgan_mlp,Morgan + MLP,3000,44,0.1528787910938263,0.2346841543912887,0.08180536329746241,0.04611735641956332,0.029635375821814493,5
morgan_mlp,Morgan + MLP,3000,55,0.152426391839981,0.2254431545734405,0.0730167627334595,0.04611735641956332,0.029635375821814493,5
gine,2D graph + GINE,3000,11,0.1013302356004715,0.1060446873307228,0.004714451730251298,0.03065371811389924,0.023969791006393123,5
gine,2D graph + GINE,3000,22,0.0813992545008659,0.1094704046845436,0.0280711501836777,0.03065371811389924,0.023969791006393123,5
gine,2D graph + GINE,3000,33,0.0962727516889572,0.1131892800331115,0.016916528344154302,0.03065371811389924,0.023969791006393123,5
gine,2D graph + GINE,3000,44,0.111105278134346,0.1465015411376953,0.03539626300334932,0.03065371811389924,0.023969791006393123,5
gine,2D graph + GINE,3000,55,0.0815991833806037,0.1497693806886673,0.0681701973080636,0.03065371811389924,0.023969791006393123,5
rdkit_rf,RDKit + RF,5000,11,0.0952353315836541,0.1118963560911345,0.0166610245074804,0.039057165653793316,0.027094748103800977,5
rdkit_rf,RDKit + RF,5000,22,0.0953679422274286,0.121449374246297,0.026081432018868395,0.039057165653793316,0.027094748103800977,5
rdkit_rf,RDKit + RF,5000,33,0.0963695620410751,0.1124123402481362,0.016042778207061112,0.039057165653793316,0.027094748103800977,5
rdkit_rf,RDKit + RF,5000,44,0.0971207422527148,0.1613458148280618,0.06422507257534699,0.039057165653793316,0.027094748103800977,5
rdkit_rf,RDKit + RF,5000,55,0.0963741294706905,0.1686496504309002,0.07227552096020969,0.039057165653793316,0.027094748103800977,5
rdkit_xgb,RDKit + XGB,5000,11,0.0969193503260612,0.1038485839962959,0.006929233670234708,0.03246222734451294,0.024299426103557082,5
rdkit_xgb,RDKit + XGB,5000,22,0.0934882909059524,0.1155799478292465,0.022091656923294095,0.03246222734451294,0.024299426103557082,5
rdkit_xgb,RDKit + XGB,5000,33,0.0950760245323181,0.1116105616092681,0.016534537076950004,0.03246222734451294,0.024299426103557082,5
rdkit_xgb,RDKit + XGB,5000,44,0.0982657223939895,0.1549950689077377,0.05672934651374821,0.03246222734451294,0.024299426103557082,5
rdkit_xgb,RDKit + XGB,5000,55,0.0966278463602066,0.1566542088985443,0.06002636253833771,0.03246222734451294,0.024299426103557082,5
rdkit_mlp,RDKit + MLP,5000,11,0.0817043930292129,0.0914785712957382,0.00977417826652531,0.02883498370647432,0.02266171706549759,5
rdkit_mlp,RDKit + MLP,5000,22,0.0779802054166793,0.0902881994843483,0.012307994067668998,0.02883498370647432,0.02266171706549759,5
rdkit_mlp,RDKit + MLP,5000,33,0.0788607001304626,0.0971627831459045,0.018302083015441895,0.02883498370647432,0.02266171706549759,5
rdkit_mlp,RDKit + MLP,5000,44,0.0831105187535286,0.146034374833107,0.0629238560795784,0.02883498370647432,0.02266171706549759,5
rdkit_mlp,RDKit + MLP,5000,55,0.0794759467244148,0.1203427538275718,0.040866807103157,0.02883498370647432,0.02266171706549759,5
morgan_rf,Morgan + RF,5000,11,0.1294773165426195,0.1490607396528958,0.019583423110276277,0.050922396504717596,0.0352280790342973,5
morgan_rf,Morgan + RF,5000,22,0.1267224245361639,0.1482777493155501,0.02155532477938621,0.050922396504717596,0.0352280790342973,5
morgan_rf,Morgan + RF,5000,33,0.1280966776834101,0.1637875094097085,0.03569083172629839,0.050922396504717596,0.0352280790342973,5
morgan_rf,Morgan + RF,5000,44,0.1272186392959031,0.2175681257911887,0.0903494864952856,0.050922396504717596,0.0352280790342973,5
morgan_rf,Morgan + RF,5000,55,0.1275932262141167,0.2150261426264582,0.0874329164123415,0.050922396504717596,0.0352280790342973,5
morgan_xgb,Morgan + XGB,5000,11,0.1562119275331497,0.1682018786668777,0.011989951133728,0.029563954472541804,0.017244733223631136,5
morgan_xgb,Morgan + XGB,5000,22,0.1539411842823028,0.1692535728216171,0.015312388539314298,0.029563954472541804,0.017244733223631136,5
morgan_xgb,Morgan + XGB,5000,33,0.1587494313716888,0.1841940283775329,0.025444597005844116,0.029563954472541804,0.017244733223631136,5
morgan_xgb,Morgan + XGB,5000,44,0.1526412963867187,0.2028779536485672,0.050236657261848505,0.029563954472541804,0.017244733223631136,5
morgan_xgb,Morgan + XGB,5000,55,0.1569398194551468,0.2017759978771209,0.0448361784219741,0.029563954472541804,0.017244733223631136,5
morgan_mlp,Morgan + MLP,5000,11,0.1338935792446136,0.1606676876544952,0.02677410840988162,0.048352402448654165,0.02359162990037101,5
morgan_mlp,Morgan + MLP,5000,22,0.1348697692155838,0.1647628843784332,0.0298931151628494,0.048352402448654165,0.02359162990037101,5
morgan_mlp,Morgan + MLP,5000,33,0.1352952569723129,0.1727170199155807,0.037421762943267795,0.048352402448654165,0.02359162990037101,5
morgan_mlp,Morgan + MLP,5000,44,0.1379606425762176,0.2126727402210235,0.07471209764480591,0.048352402448654165,0.02359162990037101,5
morgan_mlp,Morgan + MLP,5000,55,0.1381763219833374,0.2111372500658035,0.0729609280824661,0.048352402448654165,0.02359162990037101,5
gine,2D graph + GINE,5000,11,0.0806389525532722,0.1148334518074989,0.0341944992542267,0.029763689637184138,0.005242643763856761,5
gine,2D graph + GINE,5000,22,0.0717496126890182,0.101765789091587,0.030016176402568803,0.029763689637184138,0.005242643763856761,5
gine,2D graph + GINE,5000,33,0.0744388103485107,0.0955444946885109,0.021105684340000194,0.029763689637184138,0.005242643763856761,5
gine,2D graph + GINE,5000,44,0.0891059190034866,0.1189353466033935,0.029829427599906894,0.029763689637184138,0.005242643763856761,5
gine,2D graph + GINE,5000,55,0.0893753170967102,0.1230479776859283,0.0336726605892181,0.029763689637184138,0.005242643763856761,5
rdkit_rf,RDKit + RF,7000,11,0.0894745970350463,0.1080647735831473,0.018590176548100995,0.04068088060224522,0.025843181799204095,5
rdkit_rf,RDKit + RF,7000,22,0.0893923834112596,0.1142705656307728,0.024878182219513198,0.04068088060224522,0.025843181799204095,5
rdkit_rf,RDKit + RF,7000,33,0.0888556093484723,0.1110695720772789,0.022213962728806602,0.04068088060224522,0.025843181799204095,5
rdkit_rf,RDKit + RF,7000,44,0.0911101728797727,0.1614688437247633,0.0703586708449906,0.04068088060224522,0.025843181799204095,5
rdkit_rf,RDKit + RF,7000,55,0.0887859076450403,0.156149318314855,0.06736341066981472,0.04068088060224522,0.025843181799204095,5
rdkit_xgb,RDKit + XGB,7000,11,0.094559259712696,0.1011646017432212,0.006605342030525194,0.03305653035640716,0.02629396645797874,5
rdkit_xgb,RDKit + XGB,7000,22,0.0933489948511123,0.112008050084114,0.01865905523300171,0.03305653035640716,0.02629396645797874,5
rdkit_xgb,RDKit + XGB,7000,33,0.0924865677952766,0.1096949726343154,0.017208404839038793,0.03305653035640716,0.02629396645797874,5
rdkit_xgb,RDKit + XGB,7000,44,0.0941053330898284,0.1552736014127731,0.06116826832294471,0.03305653035640716,0.02629396645797874,5
rdkit_xgb,RDKit + XGB,7000,55,0.0936411693692207,0.1552827507257461,0.06164158135652539,0.03305653035640716,0.02629396645797874,5
rdkit_mlp,RDKit + MLP,7000,11,0.0751577839255333,0.0866192057728767,0.011461421847343403,0.03500049412250519,0.03381525591867087,5
rdkit_mlp,RDKit + MLP,7000,22,0.0708406269550323,0.0845177322626113,0.013677105307579013,0.03500049412250519,0.03381525591867087,5
rdkit_mlp,RDKit + MLP,7000,33,0.0751750916242599,0.0889447629451751,0.013769671320915208,0.03500049412250519,0.03381525591867087,5
rdkit_mlp,RDKit + MLP,7000,44,0.0787649825215339,0.1683783233165741,0.0896133407950402,0.03500049412250519,0.03381525591867087,5
rdkit_mlp,RDKit + MLP,7000,55,0.0738774985074997,0.1203584298491478,0.0464809313416481,0.03500049412250519,0.03381525591867087,5
morgan_rf,Morgan + RF,7000,11,0.121124197974299,0.1443617586440926,0.023237560669793586,0.05938461698895088,0.042890440848799755,5
morgan_rf,Morgan + RF,7000,22,0.1176824596028544,0.1422650218684067,0.024582562265552305,0.05938461698895088,0.042890440848799755,5
morgan_rf,Morgan + RF,7000,33,0.1185052327836052,0.1568739359638757,0.0383687031802705,0.05938461698895088,0.042890440848799755,5
morgan_rf,Morgan + RF,7000,44,0.1172575029672041,0.2318473066183671,0.11458980365116302,0.05938461698895088,0.042890440848799755,5
morgan_rf,Morgan + RF,7000,55,0.1183882058190116,0.2145326609969866,0.09614445517797499,0.05938461698895088,0.042890440848799755,5
morgan_xgb,Morgan + XGB,7000,11,0.1559919863939285,0.1648339182138443,0.0088419318199158,0.02867191433906554,0.018870041946179993,5
morgan_xgb,Morgan + XGB,7000,22,0.1521469503641128,0.1648557931184768,0.012708842754364014,0.02867191433906554,0.018870041946179993,5
morgan_xgb,Morgan + XGB,7000,33,0.1545003354549408,0.1799270957708358,0.025426760315894997,0.02867191433906554,0.018870041946179993,5
morgan_xgb,Morgan + XGB,7000,44,0.149848461151123,0.1994077265262603,0.0495592653751373,0.02867191433906554,0.018870041946179993,5
morgan_xgb,Morgan + XGB,7000,55,0.153961107134819,0.2007838785648346,0.04682277143001559,0.02867191433906554,0.018870041946179993,5
morgan_mlp,Morgan + MLP,7000,11,0.1220729947090148,0.144754558801651,0.022681564092636206,0.04899326860904696,0.029573153568953334,5
morgan_mlp,Morgan + MLP,7000,22,0.1228753700852394,0.1534352600574493,0.030559889972209917,0.04899326860904696,0.029573153568953334,5
morgan_mlp,Morgan + MLP,7000,33,0.1283430308103561,0.1579543203115463,0.029611289501190186,0.04899326860904696,0.029573153568953334,5
morgan_mlp,Morgan + MLP,7000,44,0.1242504343390464,0.2011605948209762,0.0769101604819298,0.04899326860904696,0.029573153568953334,5
morgan_mlp,Morgan + MLP,7000,55,0.119720846414566,0.2049242854118347,0.08520343899726869,0.04899326860904696,0.029573153568953334,5
gine,2D graph + GINE,7000,11,0.0721703097224235,0.0819506421685218,0.0097803324460983,0.02523140758275986,0.01530604332308439,5
gine,2D graph + GINE,7000,22,0.0682199820876121,0.0857750996947288,0.0175551176071167,0.02523140758275986,0.01530604332308439,5
gine,2D graph + GINE,7000,33,0.0721942037343978,0.089129202067852,0.0169349983334542,0.02523140758275986,0.01530604332308439,5
gine,2D graph + GINE,7000,44,0.0726791322231292,0.1198224872350692,0.04714335501194,0.02523140758275986,0.01530604332308439,5
gine,2D graph + GINE,7000,55,0.0678381249308586,0.1025813594460487,0.0347432345151901,0.02523140758275986,0.01530604332308439,5
rdkit_rf,RDKit + RF,8000,11,0.0872721363894027,0.1064538219847966,0.01918168559539389,0.040810810664602,0.0259170123987665,5
rdkit_rf,RDKit + RF,8000,22,0.0871146567174269,0.1120907455813839,0.02497608886395701,0.040810810664602,0.0259170123987665,5
rdkit_rf,RDKit + RF,8000,33,0.0870375404782497,0.1088888445254631,0.021851304047213402,0.040810810664602,0.0259170123987665,5
rdkit_rf,RDKit + RF,8000,44,0.0889990006364297,0.1551104435242029,0.0661114428877732,0.040810810664602,0.0259170123987665,5
rdkit_rf,RDKit + RF,8000,55,0.0875208648597962,0.1594543967884687,0.07193353192867251,0.040810810664602,0.0259170123987665,5
rdkit_xgb,RDKit + XGB,8000,11,0.0932905673980712,0.1019972339272499,0.008706666529178689,0.032916693389415774,0.024819110553458704,5
rdkit_xgb,RDKit + XGB,8000,22,0.0906142890453338,0.1103765219449997,0.019762232899665888,0.032916693389415774,0.024819110553458704,5
rdkit_xgb,RDKit + XGB,8000,33,0.0907457396388053,0.1078409552574157,0.017095215618610396,0.032916693389415774,0.024819110553458704,5
rdkit_xgb,RDKit + XGB,8000,44,0.0948614925146102,0.1498937159776687,0.05503222346305851,0.032916693389415774,0.024819110553458704,5
rdkit_xgb,RDKit + XGB,8000,55,0.0938537046313285,0.1578408330678939,0.0639871284365654,0.032916693389415774,0.024819110553458704,5
rdkit_mlp,RDKit + MLP,8000,11,0.0742272958159446,0.0850273668766021,0.010800071060657501,0.037039341032505044,0.03501076910428729,5
rdkit_mlp,RDKit + MLP,8000,22,0.0705043375492096,0.0843966007232666,0.013892263174057007,0.037039341032505044,0.03501076910428729,5
rdkit_mlp,RDKit + MLP,8000,33,0.0732232555747032,0.0885634794831276,0.015340223908424391,0.037039341032505044,0.03501076910428729,5
rdkit_mlp,RDKit + MLP,8000,44,0.0733704641461372,0.1644093245267868,0.09103886038064961,0.037039341032505044,0.03501076910428729,5
rdkit_mlp,RDKit + MLP,8000,55,0.0721021369099617,0.1262274235486984,0.0541252866387367,0.037039341032505044,0.03501076910428729,5
morgan_rf,Morgan + RF,8000,11,0.1166836352480833,0.1434607996083414,0.026777164360258107,0.057677981655156405,0.03756137178670318,5
morgan_rf,Morgan + RF,8000,22,0.1125982662425917,0.1391703316996127,0.02657206545702101,0.057677981655156405,0.03756137178670318,5
morgan_rf,Morgan + RF,8000,33,0.1157680547498445,0.1541223924266705,0.038354337676826,0.057677981655156405,0.03756137178670318,5
morgan_rf,Morgan + RF,8000,44,0.1143560248359886,0.2171863827401315,0.1028303579041429,0.057677981655156405,0.03756137178670318,5
morgan_rf,Morgan + RF,8000,55,0.1134211588575939,0.2072771417351279,0.093855982877534,0.057677981655156405,0.03756137178670318,5
morgan_xgb,Morgan + XGB,8000,11,0.1553768366575241,0.166499376296997,0.011122539639472878,0.030325424671173058,0.0188694526399311,5
morgan_xgb,Morgan + XGB,8000,22,0.1505409926176071,0.1664443761110305,0.015903383493423406,0.030325424671173058,0.0188694526399311,5
morgan_xgb,Morgan + XGB,8000,33,0.1555194556713104,0.179344043135643,0.02382458746433261,0.030325424671173058,0.0188694526399311,5
morgan_xgb,Morgan + XGB,8000,44,0.1494513154029846,0.1995399743318557,0.0500886589288711,0.030325424671173058,0.0188694526399311,5
morgan_xgb,Morgan + XGB,8000,55,0.1528332531452179,0.2035212069749832,0.05068795382976529,0.030325424671173058,0.0188694526399311,5
morgan_mlp,Morgan + MLP,8000,11,0.1213294640183448,0.1431067138910293,0.021777249872684507,0.04821280539035796,0.027757068669547295,5
morgan_mlp,Morgan + MLP,8000,22,0.118289515376091,0.1464522629976272,0.0281627476215362,0.04821280539035796,0.027757068669547295,5
morgan_mlp,Morgan + MLP,8000,33,0.1202976256608963,0.1556332409381866,0.03533561527729029,0.04821280539035796,0.027757068669547295,5
morgan_mlp,Morgan + MLP,8000,44,0.1199918612837791,0.1927293837070465,0.0727375224232674,0.04821280539035796,0.027757068669547295,5
morgan_mlp,Morgan + MLP,8000,55,0.1172993630170822,0.2003502547740936,0.0830508917570114,0.04821280539035796,0.027757068669547295,5
gine,2D graph + GINE,8000,11,0.0687586367130279,0.0965144783258438,0.0277558416128159,0.031927895545959484,0.015777435457044076,5
gine,2D graph + GINE,8000,22,0.063031405210495,0.0848566591739654,0.021825253963470403,0.031927895545959484,0.015777435457044076,5
gine,2D graph + GINE,8000,33,0.0672837272286415,0.0829194411635398,0.015635713934898307,0.031927895545959484,0.015777435457044076,5
gine,2D graph + GINE,8000,44,0.0688281953334808,0.1245141476392746,0.055685952305793804,0.031927895545959484,0.015777435457044076,5
gine,2D graph + GINE,8000,55,0.0640728995203971,0.1028096154332161,0.03873671591281899,0.031927895545959484,0.015777435457044076,5
rdkit_rf,RDKit + RF,10000,11,0.0831206783089407,0.1038473828704785,0.0207267045615378,0.04017103788834342,0.024002941707612527,5
rdkit_rf,RDKit + RF,10000,22,0.0817944651204312,0.1074229689040522,0.025628503783621,0.04017103788834342,0.024002941707612527,5
rdkit_rf,RDKit + RF,10000,33,0.0826877112772234,0.1044149264684643,0.021727215191240906,0.04017103788834342,0.024002941707612527,5
rdkit_rf,RDKit + RF,10000,44,0.0858635317145197,0.151841125968185,0.0659775942536653,0.04017103788834342,0.024002941707612527,5
rdkit_rf,RDKit + RF,10000,55,0.084960405509602,0.1517555771612541,0.0667951716516521,0.04017103788834342,0.024002941707612527,5
rdkit_xgb,RDKit + XGB,10000,11,0.0927509889006614,0.1000124886631965,0.007261499762535095,0.03143587112426756,0.023024461702987584,5
rdkit_xgb,RDKit + XGB,10000,22,0.0883343368768692,0.1083470731973648,0.02001273632049559,0.03143587112426756,0.023024461702987584,5
rdkit_xgb,RDKit + XGB,10000,33,0.0905460938811302,0.1084917411208152,0.01794564723968499,0.03143587112426756,0.023024461702987584,5
rdkit_xgb,RDKit + XGB,10000,44,0.0935588404536247,0.1464704871177673,0.05291164666414261,0.03143587112426756,0.023024461702987584,5
rdkit_xgb,RDKit + XGB,10000,55,0.0932444706559181,0.1522922962903976,0.059047825634479495,0.03143587112426756,0.023024461702987584,5
rdkit_mlp,RDKit + MLP,10000,11,0.0691336616873741,0.0820296704769134,0.012896008789539296,0.03580728024244304,0.03302958962134265,5
rdkit_mlp,RDKit + MLP,10000,22,0.0681203231215477,0.0816010236740112,0.013480700552463504,0.03580728024244304,0.03302958962134265,5
rdkit_mlp,RDKit + MLP,10000,33,0.0692065879702568,0.0852622687816619,0.0160556808114051,0.03580728024244304,0.03302958962134265,5
rdkit_mlp,RDKit + MLP,10000,44,0.0680315420031547,0.1568088084459304,0.0887772664427757,0.03580728024244304,0.03302958962134265,5
rdkit_mlp,RDKit + MLP,10000,55,0.0702811628580093,0.1181079074740409,0.047826744616031605,0.03580728024244304,0.03302958962134265,5
morgan_rf,Morgan + RF,10000,11,0.1108405910790115,0.1397145082897422,0.028873917210730696,0.0604196924226604,0.03896315356249683,5
morgan_rf,Morgan + RF,10000,22,0.1087836348232619,0.1362799826268763,0.0274963478036144,0.0604196924226604,0.03896315356249683,5
morgan_rf,Morgan + RF,10000,33,0.1110599982584316,0.1514835605955707,0.04042356233713909,0.0604196924226604,0.03896315356249683,5
morgan_rf,Morgan + RF,10000,44,0.1099087338376149,0.2089283974098369,0.099019663572222,0.0604196924226604,0.03896315356249683,5
morgan_rf,Morgan + RF,10000,55,0.1078379373000685,0.2141229084896643,0.1062849711895958,0.0604196924226604,0.03896315356249683,5
morgan_xgb,Morgan + XGB,10000,11,0.1545839160680771,0.1645447313785553,0.00996081531047821,0.02957848906517029,0.019960366553743954,5
morgan_xgb,Morgan + XGB,10000,22,0.1519925892353058,0.1639952510595321,0.012002661824226324,0.02957848906517029,0.019960366553743954,5
morgan_xgb,Morgan + XGB,10000,33,0.1534308046102523,0.1783184111118316,0.024887606501579312,0.02957848906517029,0.019960366553743954,5
morgan_xgb,Morgan + XGB,10000,44,0.1501342207193374,0.2012660205364227,0.051131799817085294,0.02957848906517029,0.019960366553743954,5
morgan_xgb,Morgan + XGB,10000,55,0.1524836122989654,0.2023931741714477,0.0499095618724823,0.02957848906517029,0.019960366553743954,5
morgan_mlp,Morgan + MLP,10000,11,0.1164762526750564,0.1330487579107284,0.016572505235671997,0.0464747950434685,0.028225008093861394,5
morgan_mlp,Morgan + MLP,10000,22,0.1102368906140327,0.1401551216840744,0.029918231070041698,0.0464747950434685,0.028225008093861394,5
morgan_mlp,Morgan + MLP,10000,33,0.1144170314073562,0.1471465677022934,0.03272953629493719,0.0464747950434685,0.028225008093861394,5
morgan_mlp,Morgan + MLP,10000,44,0.1132678911089897,0.1869174689054489,0.07364957779645921,0.0464747950434685,0.028225008093861394,5
morgan_mlp,Morgan + MLP,10000,55,0.1100891157984733,0.1895932406187057,0.07950412482023239,0.0464747950434685,0.028225008093861394,5
gine,2D graph + GINE,10000,11,0.0611395351588726,0.0817043557763099,0.0205648206174373,0.03225389197468756,0.01436960622926347,5
gine,2D graph + GINE,10000,22,0.0575879886746406,0.084597498178482,0.0270095095038414,0.03225389197468756,0.01436960622926347,5
gine,2D graph + GINE,10000,33,0.0617825724184513,0.0805449336767196,0.018762361258268294,0.03225389197468756,0.01436960622926347,5
gine,2D graph + GINE,10000,44,0.0615028366446495,0.1118798181414604,0.050376981496810906,0.03225389197468756,0.01436960622926347,5
gine,2D graph + GINE,10000,55,0.0608199425041675,0.1053757295012474,0.044555786997079905,0.03225389197468756,0.01436960622926347,5
