split,train_size,method_id,method_label,representation,model,rank,mean_MAE,std_MAE,mean_R2,std_R2
random,500,rdkit_mlp,RDKit + MLP,RDKit descriptors,MLP,1,0.13419221639633175,0.008635586573042099,-1.123239552974701,2.6497437912542465
random,500,rdkit_xgb,RDKit + XGB,RDKit descriptors,XGBoost,2,0.13556351661682126,0.004835911697765079,0.788892924785614,0.025461120867964617
random,500,rdkit_rf,RDKit + RF,RDKit descriptors,RandomForest,3,0.15200183364105452,0.00631501894326965,0.7473892736078322,0.028174670429897006
random,500,gine,2D graph + GINE,2D molecular graph,scratch GINE,4,0.15883380472660064,0.013240990821208705,0.7417154072888394,0.030084452556430462
random,500,morgan_xgb,Morgan + XGB,Morgan fingerprints,XGBoost,5,0.18995192050933835,0.004783360915746811,0.6514836430549622,0.015139619009321904
random,500,morgan_rf,Morgan + RF,Morgan fingerprints,RandomForest,6,0.19522836694643333,0.003894089411195655,0.629062270843202,0.013286542449939428
random,500,morgan_mlp,Morgan + MLP,Morgan fingerprints,MLP,7,0.21059949994087215,0.0022921585746549377,0.577717661857605,0.012013722723657786
random,1000,rdkit_mlp,RDKit + MLP,RDKit descriptors,MLP,1,0.1126955017447471,0.004657570386389067,0.20984830856323242,1.3811256005890462
random,1000,rdkit_xgb,RDKit + XGB,RDKit descriptors,XGBoost,2,0.12023096233606334,0.0022321326811652947,0.834142529964447,0.01403072471766583
random,1000,rdkit_rf,RDKit + RF,RDKit descriptors,RandomForest,3,0.13338805551271718,0.00629236317710294,0.7975869543694337,0.023824207849695377
random,1000,gine,2D graph + GINE,2D molecular graph,scratch GINE,4,0.1344857037067413,0.006642139440212836,0.8092851796818193,0.014182813168245025
random,1000,morgan_rf,Morgan + RF,Morgan fingerprints,RandomForest,5,0.17213460373086353,0.002848143777152876,0.6867538983322568,0.015861013587014347
random,1000,morgan_xgb,Morgan + XGB,Morgan fingerprints,XGBoost,6,0.17527997791767116,0.003409382006128679,0.6905409455299377,0.025821910693726864
random,1000,morgan_mlp,Morgan + MLP,Morgan fingerprints,MLP,7,0.19067494273185726,0.0023810491920517336,0.642913556098938,0.01569809057294984
random,2000,rdkit_mlp,RDKit + MLP,RDKit descriptors,MLP,1,0.09912439882755274,0.009074022542244788,-0.9454807877540589,4.091874511563027
random,2000,rdkit_xgb,RDKit + XGB,RDKit descriptors,XGBoost,2,0.10777136534452433,0.0018718680638322633,0.8661435127258301,0.011080919544720238
random,2000,gine,2D graph + GINE,2D molecular graph,scratch GINE,3,0.11321240961551664,0.011330372976618801,0.8616285505810662,0.015808593715604658
random,2000,rdkit_rf,RDKit + RF,RDKit descriptors,RandomForest,4,0.11528439446698602,0.0011321600072246273,0.8412217324058775,0.009379344370902208
random,2000,morgan_rf,Morgan + RF,Morgan fingerprints,RandomForest,5,0.15139040153683245,0.0015630015468881364,0.7428553269540517,0.013327200673483272
random,2000,morgan_xgb,Morgan + XGB,Morgan fingerprints,XGBoost,6,0.1650814980268478,0.0007513521115040247,0.7254243612289428,0.012596246281397067
random,2000,morgan_mlp,Morgan + MLP,Morgan fingerprints,MLP,7,0.16874169111251827,0.0012968008555669078,0.7072778582572937,0.016160424205121895
random,3000,rdkit_mlp,RDKit + MLP,RDKit descriptors,MLP,1,0.0877971768379211,0.0014165186871303585,0.8543711066246032,0.13195652287730184
random,3000,gine,2D graph + GINE,2D molecular graph,scratch GINE,2,0.09434134066104885,0.012878904912480237,0.8907922560002259,0.018052454666158787
random,3000,rdkit_xgb,RDKit + XGB,RDKit descriptors,XGBoost,3,0.10175941884517666,0.0011934706797115514,0.8799004077911377,0.009524558337985342
random,3000,rdkit_rf,RDKit + RF,RDKit descriptors,RandomForest,4,0.10673486257767655,0.0010846403489125345,0.8591486923334136,0.011022744628226945
random,3000,morgan_rf,Morgan + RF,Morgan fingerprints,RandomForest,5,0.14019934384192503,0.00104700403477673,0.7634834737986258,0.014033363155744072
random,3000,morgan_mlp,Morgan + MLP,Morgan fingerprints,MLP,6,0.1533321261405944,0.0019459447379907508,0.747420608997345,0.008788158140869471
random,3000,morgan_xgb,Morgan + XGB,Morgan fingerprints,XGBoost,7,0.16024363338947292,0.0028637832974751816,0.7408622026443481,0.011637975516483589
random,5000,rdkit_mlp,RDKit + MLP,RDKit descriptors,MLP,1,0.08022635281085963,0.0021199239801437124,0.9096977472305298,0.043711738573322535
random,5000,gine,2D graph + GINE,2D molecular graph,scratch GINE,2,0.08106172233819958,0.008132989017439099,0.9161047313306996,0.007467924203762804
random,5000,rdkit_xgb,RDKit + XGB,RDKit descriptors,XGBoost,3,0.09607544690370555,0.001837583066305075,0.9016468524932861,0.007454837843300348
random,5000,rdkit_rf,RDKit + RF,RDKit descriptors,RandomForest,4,0.09609354151511262,0.0007863009760327175,0.8860336358039804,0.0077364611865734486
random,5000,morgan_rf,Morgan + RF,Morgan fingerprints,RandomForest,5,0.12782165685444266,0.0010536802031825248,0.7967781272749832,0.017388986700215624
random,5000,morgan_mlp,Morgan + MLP,Morgan fingerprints,MLP,6,0.13603911399841306,0.0019224944682829234,0.7986095428466797,0.006477312607111235
random,5000,morgan_xgb,Morgan + XGB,Morgan fingerprints,XGBoost,7,0.15569673180580135,0.0024262780595208575,0.7615298628807068,0.01379038940210218
random,7000,gine,2D graph + GINE,2D molecular graph,scratch GINE,1,0.07062035053968424,0.002378051587480008,0.9337322247734463,0.007381632492526958
random,7000,rdkit_mlp,RDKit + MLP,RDKit descriptors,MLP,2,0.07476319670677181,0.0028509060384792257,0.9354105353355407,0.005434832612109756
random,7000,rdkit_rf,RDKit + RF,RDKit descriptors,RandomForest,3,0.08952373406391824,0.0009390465933320222,0.8979165728338241,0.007155266176867447
random,7000,rdkit_xgb,RDKit + XGB,RDKit descriptors,XGBoost,4,0.09362826496362679,0.0007867617116189626,0.9057661652565002,0.007061584089940296
random,7000,morgan_rf,Morgan + RF,Morgan fingerprints,RandomForest,5,0.11859151982939486,0.0015057582899366258,0.8188149414998229,0.01824711992210983
random,7000,morgan_mlp,Morgan + MLP,Morgan fingerprints,MLP,6,0.12345253527164454,0.003190428775192357,0.8259752273559571,0.008652092385701592
random,7000,morgan_xgb,Morgan + XGB,Morgan fingerprints,XGBoost,7,0.1532897680997848,0.002364676458969032,0.769441294670105,0.01364806671140189
random,8000,gine,2D graph + GINE,2D molecular graph,scratch GINE,1,0.06639497280120846,0.002692720495643447,0.9430451654549408,0.0033794143668725934
random,8000,rdkit_mlp,RDKit + MLP,RDKit descriptors,MLP,2,0.07268549799919126,0.0014346840600999184,0.9411270022392273,0.003821297631408524
random,8000,rdkit_rf,RDKit + RF,RDKit descriptors,RandomForest,3,0.08758883981626105,0.0008096690319724269,0.900817705432748,0.006709336961243784
random,8000,rdkit_xgb,RDKit + XGB,RDKit descriptors,XGBoost,4,0.0926731586456298,0.0019050968199122178,0.9102784633636475,0.008997327520360157
random,8000,morgan_rf,Morgan + RF,Morgan fingerprints,RandomForest,5,0.11456542798682041,0.0016700329323433014,0.8308648091086145,0.017595043304239673
random,8000,morgan_mlp,Morgan + MLP,Morgan fingerprints,MLP,6,0.11944156587123869,0.0016214250082955241,0.8371735572814941,0.0073991550132529085
random,8000,morgan_xgb,Morgan + XGB,Morgan fingerprints,XGBoost,7,0.15274437069892882,0.0027539953643640532,0.7726123929023743,0.014142308240698433
random,10000,gine,2D graph + GINE,2D molecular graph,scratch GINE,1,0.0605665750801563,0.0017043833578719435,0.951658165778985,0.0033517241786265245
random,10000,rdkit_mlp,RDKit + MLP,RDKit descriptors,MLP,2,0.06895465552806852,0.0009224131397227247,0.946769917011261,0.00585914067819284
random,10000,rdkit_rf,RDKit + RF,RDKit descriptors,RandomForest,3,0.0836853583861434,0.001677783128217984,0.9058317792249635,0.00922358420926659
random,10000,rdkit_xgb,RDKit + XGB,RDKit descriptors,XGBoost,4,0.09168694615364073,0.002213797116007985,0.9119779348373414,0.009940144472387771
random,10000,morgan_rf,Morgan + RF,Morgan fingerprints,RandomForest,5,0.10968617905967767,0.001369321057228771,0.8387046424359985,0.01788284534841642
random,10000,morgan_mlp,Morgan + MLP,Morgan fingerprints,MLP,6,0.11289743632078167,0.002748613290760934,0.8528870820999146,0.009401306578207785
random,10000,morgan_xgb,Morgan + XGB,Morgan fingerprints,XGBoost,7,0.15252502858638758,0.001662875303221743,0.7745391726493835,0.011511321526118256
scaffold,500,rdkit_mlp,RDKit + MLP,RDKit descriptors,MLP,1,0.1651808142662048,0.02372568421018965,0.32265429496765136,0.8767814748689436
scaffold,500,rdkit_xgb,RDKit + XGB,RDKit descriptors,XGBoost,2,0.16818921566009518,0.025655783446654156,0.7086746573448182,0.0557591881662464
scaffold,500,rdkit_rf,RDKit + RF,RDKit descriptors,RandomForest,3,0.1830148100245687,0.023947948307896542,0.6688540155958077,0.0490448985893949
scaffold,500,gine,2D graph + GINE,2D molecular graph,scratch GINE,4,0.1851651310920715,0.025864387664799204,0.6992221471722913,0.05057235582571763
scaffold,500,morgan_xgb,Morgan + XGB,Morgan fingerprints,XGBoost,5,0.2128480821847915,0.018403455333368367,0.5999698281288147,0.03715379677341033
scaffold,500,morgan_rf,Morgan + RF,Morgan fingerprints,RandomForest,6,0.22028075749215184,0.01889059763771265,0.5671335109651945,0.0331635658075643
scaffold,500,morgan_mlp,Morgan + MLP,Morgan fingerprints,MLP,7,0.25446015000343325,0.038995204604574035,0.4636364459991455,0.08915749469526364
scaffold,1000,rdkit_mlp,RDKit + MLP,RDKit descriptors,MLP,1,0.14431811869144434,0.021794052639422898,0.7462530732154846,0.06276229730805469
scaffold,1000,rdkit_xgb,RDKit + XGB,RDKit descriptors,XGBoost,2,0.15225753188133234,0.024940575778297707,0.748500394821167,0.0557640798571341
scaffold,1000,rdkit_rf,RDKit + RF,RDKit descriptors,RandomForest,3,0.1615099719013418,0.022613932575772613,0.7233279482346302,0.046761935643671475
scaffold,1000,gine,2D graph + GINE,2D molecular graph,scratch GINE,4,0.17555632591247555,0.016917206144661422,0.7317057500661402,0.028271942177061152
scaffold,1000,morgan_xgb,Morgan + XGB,Morgan fingerprints,XGBoost,5,0.20183078050613398,0.017843551791444028,0.6362346410751343,0.041355310124062704
scaffold,1000,morgan_rf,Morgan + RF,Morgan fingerprints,RandomForest,6,0.20446020098087025,0.02080227205674077,0.6090929953482158,0.03725445414444643
scaffold,1000,morgan_mlp,Morgan + MLP,Morgan fingerprints,MLP,7,0.23695431351661683,0.03830168522085641,0.5306880950927735,0.09156272396844496
scaffold,2000,gine,2D graph + GINE,2D molecular graph,scratch GINE,1,0.1324619591236114,0.02007398322314898,0.8223041823639413,0.03721865554887873
scaffold,2000,rdkit_mlp,RDKit + MLP,RDKit descriptors,MLP,2,0.13349152654409405,0.033490651474810305,0.7880558609962464,0.0953864415730735
scaffold,2000,rdkit_xgb,RDKit + XGB,RDKit descriptors,XGBoost,3,0.14178436547517773,0.027552062286208944,0.7921877861022949,0.050226502277595925
scaffold,2000,rdkit_rf,RDKit + RF,RDKit descriptors,RandomForest,4,0.14635082872691413,0.0197995013055056,0.7652629794717157,0.037342823842401465
scaffold,2000,morgan_rf,Morgan + RF,Morgan fingerprints,RandomForest,5,0.1951530973359991,0.028800889188603688,0.6387126470978408,0.0609578228485024
scaffold,2000,morgan_xgb,Morgan + XGB,Morgan fingerprints,XGBoost,6,0.19515334069728846,0.019314028041397785,0.659160578250885,0.04040757652818409
scaffold,2000,morgan_mlp,Morgan + MLP,Morgan fingerprints,MLP,7,0.21240034401416774,0.03166287564902787,0.5995603680610657,0.07316555802566412
scaffold,3000,gine,2D graph + GINE,2D molecular graph,scratch GINE,1,0.1249950587749481,0.021306124026355476,0.8379101156741602,0.038693857688657525
scaffold,3000,rdkit_mlp,RDKit + MLP,RDKit descriptors,MLP,2,0.12625052481889723,0.030881915193696655,0.8201582789421081,0.10501442132847238
scaffold,3000,rdkit_xgb,RDKit + XGB,RDKit descriptors,XGBoost,3,0.13383149504661557,0.024197067723028747,0.8195296883583069,0.04257827850396953
scaffold,3000,rdkit_rf,RDKit + RF,RDKit descriptors,RandomForest,4,0.1403850202989898,0.021152702745507367,0.7828820591661027,0.0382301975771447
scaffold,3000,morgan_rf,Morgan + RF,Morgan fingerprints,RandomForest,5,0.18693910932771168,0.028106956824009453,0.6614299444357704,0.05363230667443495
scaffold,3000,morgan_xgb,Morgan + XGB,Morgan fingerprints,XGBoost,6,0.18874286413192748,0.016364486298513167,0.6767997741699219,0.030261894433093534
scaffold,3000,morgan_mlp,Morgan + MLP,Morgan fingerprints,MLP,7,0.19944948256015774,0.029096643423947483,0.6352578401565552,0.06685210614688501
scaffold,5000,rdkit_mlp,RDKit + MLP,RDKit descriptors,MLP,1,0.10906133651733396,0.023965787166589817,0.8466649532318116,0.1019463338105163
scaffold,5000,gine,2D graph + GINE,2D molecular graph,scratch GINE,2,0.11082541197538372,0.011691981605355187,0.8645722065461356,0.029249946486475022
scaffold,5000,rdkit_xgb,RDKit + XGB,RDKit descriptors,XGBoost,3,0.1285376742482185,0.02527110131464766,0.8359982132911682,0.0517451513968814
scaffold,5000,rdkit_rf,RDKit + RF,RDKit descriptors,RandomForest,4,0.13515070716890593,0.02763099510998947,0.7955749408170546,0.05649371718234794
scaffold,5000,morgan_rf,Morgan + RF,Morgan fingerprints,RandomForest,5,0.17874405335916027,0.03484498386920867,0.6822255141322661,0.06491540136485918
scaffold,5000,morgan_mlp,Morgan + MLP,Morgan fingerprints,MLP,6,0.18439151644706722,0.025492935313953923,0.6786733508110047,0.060939637458483915
scaffold,5000,morgan_xgb,Morgan + XGB,Morgan fingerprints,XGBoost,7,0.18526068627834316,0.016818828617189252,0.6904973745346069,0.034199387891688526
scaffold,7000,gine,2D graph + GINE,2D molecular graph,scratch GINE,1,0.09585175812244409,0.015490773204603807,0.8809295296858783,0.03240911704679929
scaffold,7000,rdkit_mlp,RDKit + MLP,RDKit descriptors,MLP,2,0.10976369082927699,0.035896995024790206,0.7946274757385254,0.2198493723137462
scaffold,7000,rdkit_xgb,RDKit + XGB,RDKit descriptors,XGBoost,3,0.12668479532003396,0.02641261106462967,0.8406920909881592,0.052182323994260024
scaffold,7000,rdkit_rf,RDKit + RF,RDKit descriptors,RandomForest,4,0.13020461466616345,0.026271638713491485,0.8021743470960454,0.05342985697403595
scaffold,7000,morgan_mlp,Morgan + MLP,Morgan fingerprints,MLP,5,0.1724458038806915,0.028361945930378114,0.7120790004730224,0.06796647394919793
scaffold,7000,morgan_rf,Morgan + RF,Morgan fingerprints,RandomForest,6,0.17797613681834573,0.042098086142834765,0.6864214665987145,0.07741894784040083
scaffold,7000,morgan_xgb,Morgan + XGB,Morgan fingerprints,XGBoost,7,0.18196168243885036,0.017668834292354982,0.6983096957206726,0.037683529899485174
scaffold,8000,gine,2D graph + GINE,2D molecular graph,scratch GINE,1,0.09832286834716794,0.01679277108861355,0.8806757745852984,0.029266216856966277
scaffold,8000,rdkit_mlp,RDKit + MLP,RDKit descriptors,MLP,2,0.1097248390316963,0.03522078993367276,0.8779571175575256,0.06508397506923644
scaffold,8000,rdkit_xgb,RDKit + XGB,RDKit descriptors,XGBoost,3,0.12558985203504558,0.026143278096647626,0.8453268766403198,0.05382692291079731
scaffold,8000,rdkit_rf,RDKit + RF,RDKit descriptors,RandomForest,4,0.12839965048086305,0.026486482635781242,0.8089774180711528,0.05629220500137926
scaffold,8000,morgan_mlp,Morgan + MLP,Morgan fingerprints,MLP,5,0.16765437126159663,0.026899821092688018,0.7261347293853759,0.06754975382569713
scaffold,8000,morgan_rf,Morgan + RF,Morgan fingerprints,RandomForest,6,0.1722434096419768,0.03707381692354993,0.6986649906183324,0.06779436459061419
scaffold,8000,morgan_xgb,Morgan + XGB,Morgan fingerprints,XGBoost,7,0.18306979537010187,0.01770869571125487,0.6962911725044251,0.0382962860530993
scaffold,10000,gine,2D graph + GINE,2D molecular graph,scratch GINE,1,0.09282046705484386,0.014686450777475062,0.8920467504110061,0.03861069035271104
scaffold,10000,rdkit_mlp,RDKit + MLP,RDKit descriptors,MLP,2,0.10476193577051156,0.032864923030485875,0.8272488713264465,0.17433479561254336
scaffold,10000,rdkit_xgb,RDKit + XGB,RDKit descriptors,XGBoost,3,0.12312281727790828,0.024302522935589713,0.8520735502243042,0.05224554324003763
scaffold,10000,rdkit_rf,RDKit + RF,RDKit descriptors,RandomForest,4,0.12385639627448682,0.025543581830577,0.8202482687094005,0.059032841789906705
scaffold,10000,morgan_mlp,Morgan + MLP,Morgan fingerprints,MLP,5,0.15937223136425016,0.026850227758123443,0.7456796646118165,0.0675976958679158
scaffold,10000,morgan_rf,Morgan + RF,Morgan fingerprints,RandomForest,6,0.17010587148233808,0.038273046137671705,0.702602506207967,0.0718326461502312
scaffold,10000,morgan_xgb,Morgan + XGB,Morgan fingerprints,XGBoost,7,0.18210351765155788,0.018903829006139877,0.7041406631469727,0.0408418537877134
