ik_ns,eox_sce,n_lee,n_reports,sd_reports,smiles,name,eox,n,spread,eox_exp_vs_agcl,loo_recalibrated
ABRWESLGGMHKEA-UHFFFAOYSA-N,0.79,1,1,0.0,CC(C)(C)Nc1ccccc1,N-(tert-butyl)aniline,0.47,1,0.0,0.8340000000000001,0.8242880319529913
AFBPFSWMIHJQDM-UHFFFAOYSA-N,0.8680000000000001,1,13,0.1318740658005554,CNc1ccccc1,N-methylaniline,0.643,1,0.0,0.9120000000000001,0.9599758880518878
BHRZNVHARXXAHW-UHFFFAOYSA-N,1.75,1,1,0.0,CCC(C)N,sec-butylamine,1.379,1,0.0,1.794,1.514895944258193
BWLUMTFWVZZZND-UHFFFAOYSA-N,1.381,1,2,0.135,c1ccc(CNCc2ccccc2)cc1,dibenzylamine,1.003,1,0.0,1.425,1.23462838157
CBCKQZAAMUWICA-UHFFFAOYSA-N,0.7055,1,2,0.2104999999999999,Nc1ccc(N)cc1,p-phenylenediamine,0.201,1,0.0,0.7495,0.6094725462286927
CDZOGLJOFWFVOZ-UHFFFAOYSA-N,0.7805,1,2,0.0205,CCCNc1ccccc1,N-propylaniline,0.589,1,0.0,0.8245,0.9187660448769823
CHMBIJAOCISYEW-UHFFFAOYSA-N,0.6260000000000001,1,1,0.0,CC(=O)Nc1ccc(N)cc1,p-aminoacetanilide,0.404,1,0.0,0.6700000000000002,0.7756723251846638
CWLKGDAVCFYWJK-UHFFFAOYSA-N,0.7769999999999999,1,1,0.0,Nc1cccc(O)c1,3-aminophenol,0.724,1,0.0,0.821,1.0255759181057844
DIIIISSCIXVANO-UHFFFAOYSA-N,0.1,1,1,0.0,CNNC,"1,2-dimethylhydrazine",1.154,1,0.0,0.144,1.403546117510075
DLFVBJFMPXGRIB-UHFFFAOYSA-N,2.0,1,1,0.0,CC(N)=O,acetamide,0.817,1,0.0,2.044,1.077629096513478
DMBHHRLKUKUOEG-UHFFFAOYSA-N,0.8672000000000001,1,5,0.0748823076567489,c1ccc(Nc2ccccc2)cc1,diphenylamine,0.388,1,0.0,0.9112,0.7567491990908706
DPBLXKKOBLCELK-UHFFFAOYSA-N,1.446,1,1,0.0,CCCCCN,n-pentylamine,1.346,1,0.0,1.49,1.5075640966146264
FJDUDHYHRVPMJZ-UHFFFAOYSA-N,1.476,1,1,0.0,CCCCCCCCCN,n-nonylamine,1.283,1,0.0,1.52,1.454194979436077
FRCFWPVMFJMNDP-UHFFFAOYSA-N,0.788,1,2,0.008,CC(C)Nc1ccccc1,N-isopropylaniline,0.517,1,0.0,0.8320000000000001,0.8616545383704741
GEYOCULIXLDCMW-UHFFFAOYSA-N,0.494,1,1,0.0,Nc1ccccc1N,o-phenylenediamine,0.453,1,0.0,0.538,0.8173360141523636
GOLXRNDWAUTYKT-UHFFFAOYSA-N,1.064,1,1,0.0,O=C(O)CCc1c[nH]c2ccccc12,3-indolepropionic acid,0.572,1,0.0,1.108,0.9002609479843037
HCUARRIEZVDMPT-UHFFFAOYSA-N,1.5052,1,1,0.0,O=C(O)c1cc2ccccc2[nH]1,indole-2-carboxylic acid,0.876,1,0.0,1.5492000000000001,1.1325204889275566
HKOOXMFOFWEVGF-UHFFFAOYSA-N,0.4,1,1,0.0,NNc1ccccc1,phenylhydrazine,0.633,1,0.0,0.444,0.9599075298086911
HPNMFZURTQLUMO-UHFFFAOYSA-N,1.3025,1,6,0.1968025660401814,CCNCC,diethylamine,1.118,1,0.0,1.3465,1.3284157803838141
HQABUPZFAYXKJW-UHFFFAOYSA-N,2.17,1,2,0.0,CCCCN,n-butylamine,1.367,1,0.0,2.214,1.4783527002283365
IENZCGNHSIMFJE-UHFFFAOYSA-N,1.4052,1,1,0.0,O=C(O)c1ccc2[nH]ccc2c1,indole-5-carboxylic acid,0.817,1,0.0,1.4492,1.0883042895112245
IVURTNNWJAPOML-UHFFFAOYSA-N,0.1,1,1,0.0,c1ccc2c(c1)Nc1ccccc1N2,"5,10-dihydrophenazine",-0.145,1,0.0,0.144,0.3643433735385838
JACMPVXHEARCBO-UHFFFAOYSA-N,1.106,1,1,0.0,CCCCCNCCCCC,di-n-pentylamine,0.935,1,0.0,1.1500000000000001,1.1873588908503476
JBIJLHTVPXGSAM-UHFFFAOYSA-N,0.815,1,2,0.075,Nc1ccc2ccccc2c1,2-naphthylamine,0.533,1,0.0,0.859,0.8738201399129979
JQVDAXLFBXTEQA-UHFFFAOYSA-N,1.246,1,2,0.1799999999999999,CCCCNCCCC,di-n-butylamine,0.979,1,0.0,1.29,1.2190902700963466
KDSNLYIMUZNERS-UHFFFAOYSA-N,1.376,1,1,0.0,CC(C)CN,isobutylamine,1.349,1,0.0,1.42,1.5143781951103497
KIHQWOBUUIPWAN-UHFFFAOYSA-N,0.81,1,1,0.0,Nc1cc2ccccc2c2ccccc12,9-aminophenanthrene,0.38,1,0.0,0.8540000000000001,0.7517891108313906
LHNICELDCMPPDE-UHFFFAOYSA-N,0.5,1,1,0.0,Nc1c2ccccc2cc2ccccc12,9-aminoanthracene,0.11,1,0.0,0.544,0.5442049050706571
MNDTVJMRXYKBPV-UHFFFAOYSA-N,0.976,1,1,0.0,CC(C)(C)c1cc(N)cc(C(C)(C)C)c1O,"2,6-di-t-butyl-4-aminophenol",0.214,1,0.0,1.02,0.6093258612926206
MNLKGWIYXCKWBU-UHFFFAOYSA-N,1.78,1,1,0.0,Cc1c(C)c(C)c(C(=O)O)c(C)c1C,pentamethylbenzoic acid,0.911,1,0.0,1.824,1.1539359291331188
NQRYJNQNLNOLGT-UHFFFAOYSA-N,1.116,1,1,0.0,C1CCNCC1,piperidine,1.096,1,0.0,1.1600000000000001,1.3169204339220335
OBYVIBDTOCAXSN-UHFFFAOYSA-N,1.156,1,1,0.0,CCC(C)NC(C)CC,di-sec-butylamine,0.89,1,0.0,1.2,1.150519561078101
OJGMBLNIHDZDGS-UHFFFAOYSA-N,0.7410000000000001,1,4,0.0881646187537835,CCNc1ccccc1,N-ethylaniline,0.62,1,0.0,0.7850000000000001,0.9439288340293903
PAYRUJLWNCNPSJ-UHFFFAOYSA-N,1.0101625,1,16,0.1292129873261585,Nc1ccccc1,aniline,0.767,1,0.0,1.0541625000000001,1.0557637986540929
PLIKAWJENQZMHA-UHFFFAOYSA-N,0.8180000000000001,1,1,0.0,Nc1ccc(O)cc1,4-aminophenol,0.441,1,0.0,0.8620000000000001,0.800539132214946
REJGDSCBQPJPQT-UHFFFAOYSA-N,0.53,1,1,0.0,CC(C)(C)c1cc(C(C)(C)C)c(N)c(C(C)(C)C)c1,"2,4,6-tri-t-butylaniline",0.536,1,0.0,0.5740000000000001,0.8815831524975706
RHPVVNRNAHRJOQ-UHFFFAOYSA-N,0.71,1,1,0.0,Cc1ccc(Nc2ccc(C)cc2)cc1,di-4-tolylamine,0.195,1,0.0,0.754,0.6043300376644392
RHUYHJGZWVXEHW-UHFFFAOYSA-N,0.3,1,1,0.0,CN(C)N,"1,1-dimethylhydrazine",0.557,1,0.0,0.344,0.9022455766809598
ROSDSFDQCJNGOL-UHFFFAOYSA-N,1.176,1,1,0.0,CNC,dimethylamine,1.167,1,0.0,1.22,1.373007780918145
RUFPHBVGCFYCNW-UHFFFAOYSA-N,0.7150666666666666,1,3,0.0612373161470103,Nc1cccc2ccccc12,1-naphthylamine,0.453,1,0.0,0.7590666666666666,0.8124169756186193
RWRDLPDLKQPQOW-UHFFFAOYSA-N,0.8460000000000001,1,1,0.0,C1CCNC1,pyrrolidine,1.123,1,0.0,0.8900000000000001,1.3486081522066367
RWZYAGGXGHYGMB-UHFFFAOYSA-N,1.106,1,1,0.0,Nc1ccccc1C(=O)O,anthranilic acid,0.828,1,0.0,1.1500000000000001,1.1023790406093688
RZXMPPFPUUCRFN-UHFFFAOYSA-N,0.75,1,1,0.0,Cc1ccc(N)cc1,p-toluidine,0.597,1,0.0,0.794,0.9256162553106471
UTGQNNCQYDRXCH-UHFFFAOYSA-N,0.35,1,1,0.0,c1ccc(Nc2ccc(Nc3ccccc3)cc2)cc1,"N,N'-diphenyl p-phenylenediamine",-0.085,1,0.0,0.39399999999999996,0.392234096684481
VSHTWPWTCXQLQN-UHFFFAOYSA-N,0.6799999999999999,1,2,0.08,CCCCNc1ccccc1,N-butylaniline,0.566,1,0.0,0.724,0.9023970462536979
VSKKJZDWXKPOGW-UHFFFAOYSA-N,0.6,1,1,0.0,CC(C)(C)CNc1ccccc1,N-neopentylaniline,0.542,1,0.0,0.6439999999999999,0.8849761229226798
WCZNKVPCIFMXEQ-UHFFFAOYSA-N,0.09,1,1,0.0,Cc1c(C)c(N)c(C)c(C)c1N,"1,4-diamino-2,3,5,6-tetramethylbenzene",0.003,1,0.0,0.13399999999999998,0.4827547262941268
WEHWNAOGRSTTBQ-UHFFFAOYSA-N,1.211,1,2,0.195,CCCNCCC,dipropylamine,1.041,1,0.0,1.2550000000000001,1.269479384360188
WGQKYBSKWIADBV-UHFFFAOYSA-N,1.2,1,1,0.0,NCc1ccccc1,benzylamine,1.368,1,0.0,1.244,1.541746689916541
WGYKZJWCGVVSQN-UHFFFAOYSA-N,1.386,1,1,0.0,CCCN,n-propylamine,1.397,1,0.0,1.43,1.5542856650542296
WUGQZFFCHPXWKQ-UHFFFAOYSA-N,1.345,1,1,0.0,NCCCO,3-amino-1-propanol,1.403,1,0.0,1.389,1.5622649834927729
WZCQRUWWHSTZEM-UHFFFAOYSA-N,0.811,1,1,0.0,Nc1cccc(N)c1,m-phenylenediamine,0.575,1,0.0,0.855,0.9071576815356039
XBPCUCUWBYBCDP-UHFFFAOYSA-N,1.406,1,1,0.0,C1CCC(NC2CCCCC2)CC1,dicyclohexylamine,0.81,1,0.0,1.45,1.0828035302436518
XGWFJBFNAQHLEF-UHFFFAOYSA-N,1.41,1,1,0.0,O=C(O)c1c2ccccc2cc2ccccc12,anthracene-9-carboxylic acid,0.459,1,0.0,1.454,0.8019148216937309
YBQZXXMEJHZYMB-UHFFFAOYSA-N,0.5099999999999999,1,3,0.0828653526310403,c1ccc(NNc2ccccc2)cc1,hydrazobenzene,0.442,1,0.0,0.5539999999999998,0.8083621976616084
YBRBMKDOPFTVDT-UHFFFAOYSA-N,1.5825,1,2,0.1865,CC(C)(C)N,t-butylamine,1.369,1,0.0,1.6265,1.517848282609482
YCSBALJAGZKWFF-UHFFFAOYSA-N,0.6799999999999999,1,1,0.0,Nc1ccc2cc3ccccc3cc2c1,2-aminoanthracene,0.234,1,0.0,0.724,0.6375656173210221
YHYKLKNNBYLTQY-UHFFFAOYSA-N,0.5,1,1,0.0,NN(c1ccccc1)c1ccccc1,"1,1-diphenylhydrazine",0.341,1,0.0,0.544,0.7292873181140784
YUENFNPLGJCNRB-UHFFFAOYSA-N,0.6599999999999999,1,1,0.0,Nc1cccc2cc3ccccc3cc12,1-aminoanthracene,0.2,1,0.0,0.704,0.6105389589082435
YZVWKHVRBDQPMQ-UHFFFAOYSA-N,0.7733333333333333,1,3,0.1065624490876385,Nc1ccc2ccc3cccc4ccc1c2c34,1-aminopyrene,0.18,1,0.0,0.8173333333333332,0.5891404487431022
ZCBIFHNDZBSCEP-UHFFFAOYSA-N,0.6452,1,1,0.0,Nc1ccc2[nH]ccc2c1,5-aminoindole,0.331,1,0.0,0.6892,0.7170731116590454
ZEAWSFHWVLOENK-UHFFFAOYSA-N,0.94,1,1,0.0,Nc1ccc2c(ccc3ccccc32)c1,2-aminophenanthrene,0.505,1,0.0,0.984,0.8491004905931356
