split,train_size,rank_pair,better,worse,mean_diff_V,abs_mean_diff_V,p_paired_t,all_seeds_agree,resolved,below_experimental_repro_sd
random,500,1-2,RDKit + MLP,RDKit + XGB,0.0013713002204895186,0.0013713002204895186,0.7646309332142839,False,False,True
random,500,2-3,RDKit + XGB,RDKit + RF,0.016438317024233245,0.016438317024233245,0.0009309139838506702,True,True,True
random,500,3-4,RDKit + RF,2D graph + GINE,0.006831971085546118,0.006831971085546118,0.23375508849942397,False,False,True
random,500,4-5,2D graph + GINE,Morgan + XGB,0.03111811578273772,0.03111811578273772,0.004348868578331096,True,True,True
random,500,5-6,Morgan + XGB,Morgan + RF,0.0052764464370950006,0.0052764464370950006,0.12126636690400645,True,False,True
random,500,6-7,Morgan + RF,Morgan + MLP,0.015371132994438819,0.015371132994438819,0.0013087424077004716,True,True,True
random,1000,1-2,RDKit + MLP,RDKit + XGB,0.00753546059131624,0.00753546059131624,0.027737234052724005,False,False,True
random,1000,2-3,RDKit + XGB,RDKit + RF,0.013157093176653843,0.013157093176653843,0.0035893119936953833,True,True,True
random,1000,3-4,RDKit + RF,2D graph + GINE,0.001097648194024098,0.001097648194024098,0.8406358833679701,False,False,True
random,1000,4-5,2D graph + GINE,Morgan + RF,0.037648900024122266,0.037648900024122266,0.00036839344293412233,True,True,True
random,1000,5-6,Morgan + RF,Morgan + XGB,0.00314537418680762,0.00314537418680762,0.09380244341842384,False,False,True
random,1000,6-7,Morgan + XGB,Morgan + MLP,0.015394964814186096,0.015394964814186096,0.00020241859065056,True,True,True
random,2000,1-2,RDKit + MLP,RDKit + XGB,0.0086469665169716,0.0086469665169716,0.13873349167866106,False,False,True
random,2000,2-3,RDKit + XGB,2D graph + GINE,0.005441044270992299,0.005441044270992299,0.341293772558776,False,False,True
random,2000,3-4,2D graph + GINE,RDKit + RF,0.00207198485146938,0.00207198485146938,0.6804291899138748,False,False,True
random,2000,4-5,RDKit + RF,Morgan + RF,0.03610600706984642,0.03610600706984642,2.335482767739984e-06,True,True,True
random,2000,5-6,Morgan + RF,Morgan + XGB,0.013691096490015358,0.013691096490015358,1.858441976004402e-05,True,True,True
random,2000,6-7,Morgan + XGB,Morgan + MLP,0.0036601930856704603,0.0036601930856704603,0.00793989881151326,True,True,True
random,3000,1-2,RDKit + MLP,2D graph + GINE,0.006544163823127757,0.006544163823127757,0.33528284243845696,False,False,True
random,3000,2-3,2D graph + GINE,RDKit + XGB,0.007418078184127786,0.007418078184127786,0.25541650187294296,False,False,True
random,3000,3-4,RDKit + XGB,RDKit + RF,0.004975443732499918,0.004975443732499918,0.005758979563293851,True,True,True
random,3000,4-5,RDKit + RF,Morgan + RF,0.03346448126424846,0.03346448126424846,2.85240603602156e-07,True,True,True
random,3000,5-6,Morgan + RF,Morgan + MLP,0.013132782298669399,0.013132782298669399,0.0004917320088309151,True,True,True
random,3000,6-7,Morgan + MLP,Morgan + XGB,0.006911507248878501,0.006911507248878501,0.000901370739858884,True,True,True
random,5000,1-2,RDKit + MLP,2D graph + GINE,0.0008353695273399436,0.0008353695273399436,0.7997601377891939,False,False,True
random,5000,2-3,2D graph + GINE,RDKit + XGB,0.015013724565505976,0.015013724565505976,0.006956178760597692,True,True,True
random,5000,3-4,RDKit + XGB,RDKit + RF,1.809461140706292e-05,1.809461140706292e-05,0.9802243734150362,False,False,True
random,5000,4-5,RDKit + RF,Morgan + RF,0.031728115339330044,0.031728115339330044,1.297145823174533e-06,True,True,True
random,5000,5-6,Morgan + RF,Morgan + MLP,0.008217457143970397,0.008217457143970397,0.002177219978021521,True,True,True
random,5000,6-7,Morgan + MLP,Morgan + XGB,0.019657617807388294,0.019657617807388294,0.0002168156719015224,True,True,True
random,7000,1-2,2D graph + GINE,RDKit + MLP,0.004142846167087574,0.004142846167087574,0.006225235314999743,True,True,True
random,7000,2-3,RDKit + MLP,RDKit + RF,0.014760537357146424,0.014760537357146424,0.00014258495163212316,True,True,True
random,7000,3-4,RDKit + RF,RDKit + XGB,0.0041045308997085615,0.0041045308997085615,0.00044899658678184307,True,True,True
random,7000,4-5,RDKit + XGB,Morgan + RF,0.02496325486576806,0.02496325486576806,2.108377623614385e-06,True,True,True
random,7000,5-6,Morgan + RF,Morgan + MLP,0.00486101544224968,0.00486101544224968,0.045243844347826113,True,True,True
random,7000,6-7,Morgan + MLP,Morgan + XGB,0.02983723282814028,0.02983723282814028,8.503233241878497e-05,True,True,True
random,8000,1-2,2D graph + GINE,RDKit + MLP,0.006290525197982802,0.006290525197982802,0.0006128100994440136,True,True,True
random,8000,2-3,RDKit + MLP,RDKit + RF,0.014903341817069779,0.014903341817069779,2.0913580619241465e-05,True,True,True
random,8000,3-4,RDKit + RF,RDKit + XGB,0.005084318829368764,0.005084318829368764,0.0011322858054696485,True,True,True
random,8000,4-5,RDKit + XGB,Morgan + RF,0.0218922693411906,0.0218922693411906,3.462347808986909e-05,True,True,True
random,8000,5-6,Morgan + RF,Morgan + MLP,0.00487613788441828,0.00487613788441828,0.00014910462855595872,True,True,True
random,8000,6-7,Morgan + MLP,Morgan + XGB,0.03330280482769014,0.03330280482769014,7.61991763598429e-06,True,True,True
random,10000,1-2,2D graph + GINE,RDKit + MLP,0.00838808044791222,0.00838808044791222,0.0003058458429090469,True,True,True
random,10000,2-3,RDKit + MLP,RDKit + RF,0.014730702858074879,0.014730702858074879,5.159141019502476e-05,True,True,True
random,10000,3-4,RDKit + RF,RDKit + XGB,0.00800158776749732,0.00800158776749732,8.856534458784173e-05,True,True,True
random,10000,4-5,RDKit + XGB,Morgan + RF,0.01799923290603696,0.01799923290603696,9.880678101949349e-05,True,True,True
random,10000,5-6,Morgan + RF,Morgan + MLP,0.0032112572611039834,0.0032112572611039834,0.010365127433561064,True,True,True
random,10000,6-7,Morgan + MLP,Morgan + XGB,0.03962759226560593,0.03962759226560593,3.063690862201761e-06,True,True,True
scaffold,500,1-2,RDKit + MLP,RDKit + XGB,0.003008401393890403,0.003008401393890403,0.4332706596231491,False,False,True
scaffold,500,2-3,RDKit + XGB,RDKit + RF,0.014825594364473522,0.014825594364473522,0.0037592813328136223,True,True,True
scaffold,500,3-4,RDKit + RF,2D graph + GINE,0.0021503210675027974,0.0021503210675027974,0.6656300509673583,False,False,True
scaffold,500,4-5,2D graph + GINE,Morgan + XGB,0.027682951092720037,0.027682951092720037,0.0023182790991427495,True,True,True
scaffold,500,5-6,Morgan + XGB,Morgan + RF,0.007432675307360281,0.007432675307360281,9.162912351505279e-05,True,True,True
scaffold,500,6-7,Morgan + RF,Morgan + MLP,0.03417939251128138,0.03417939251128138,0.02708721534653349,True,True,True
scaffold,1000,1-2,RDKit + MLP,RDKit + XGB,0.007939413189888028,0.007939413189888028,0.09388612155803126,False,False,True
scaffold,1000,2-3,RDKit + XGB,RDKit + RF,0.009252440020009457,0.009252440020009457,0.002125595651715583,True,True,True
scaffold,1000,3-4,RDKit + RF,2D graph + GINE,0.014046354011133744,0.014046354011133744,0.11651740847329393,False,False,True
scaffold,1000,4-5,2D graph + GINE,Morgan + XGB,0.026274454593658413,0.026274454593658413,0.002271703856888023,True,True,True
scaffold,1000,5-6,Morgan + XGB,Morgan + RF,0.0026294204747362828,0.0026294204747362828,0.5276962560198896,False,False,True
scaffold,1000,6-7,Morgan + RF,Morgan + MLP,0.03249411253574654,0.03249411253574654,0.03507486473226506,True,True,True
scaffold,2000,1-2,2D graph + GINE,RDKit + MLP,0.0010295674204826605,0.0010295674204826605,0.9047466455285882,False,False,True
scaffold,2000,2-3,RDKit + MLP,RDKit + XGB,0.00829283893108368,0.00829283893108368,0.26226230508059956,False,False,True
scaffold,2000,3-4,RDKit + XGB,RDKit + RF,0.004566463251736425,0.004566463251736425,0.30877643829262963,False,False,True
scaffold,2000,4-5,RDKit + RF,Morgan + RF,0.048802268609084945,0.048802268609084945,0.0015714026625501326,True,True,True
scaffold,2000,5-6,Morgan + RF,Morgan + XGB,2.4336128938151623e-07,2.4336128938151623e-07,0.9999659955393491,False,False,True
scaffold,2000,6-7,Morgan + XGB,Morgan + MLP,0.017247003316879277,0.017247003316879277,0.06262142828725556,True,False,True
scaffold,3000,1-2,2D graph + GINE,RDKit + MLP,0.0012554660439491217,0.0012554660439491217,0.84662156230805,False,False,True
scaffold,3000,2-3,RDKit + MLP,RDKit + XGB,0.007580970227718339,0.007580970227718339,0.20367807177183453,False,False,True
scaffold,3000,3-4,RDKit + XGB,RDKit + RF,0.006553525252374256,0.006553525252374256,0.039166374537561145,False,False,True
scaffold,3000,4-5,RDKit + RF,Morgan + RF,0.046554089028721865,0.046554089028721865,0.0009867099205165375,True,True,True
scaffold,3000,5-6,Morgan + RF,Morgan + XGB,0.0018037548042157958,0.0018037548042157958,0.7721730901428777,False,False,True
scaffold,3000,6-7,Morgan + XGB,Morgan + MLP,0.010706618428230258,0.010706618428230258,0.17519918194850584,False,False,True
scaffold,5000,1-2,RDKit + MLP,2D graph + GINE,0.0017640754580497604,0.0017640754580497604,0.8436364472781543,False,False,True
scaffold,5000,2-3,2D graph + GINE,RDKit + XGB,0.017712262272834782,0.017712262272834782,0.10433444467428371,False,False,True
scaffold,5000,3-4,RDKit + XGB,RDKit + RF,0.006613032920687434,0.006613032920687434,0.021648465998577376,True,True,True
scaffold,5000,4-5,RDKit + RF,Morgan + RF,0.04359334619025432,0.04359334619025432,0.001144573229677699,True,True,True
scaffold,5000,5-6,Morgan + RF,Morgan + MLP,0.005647463087906967,0.005647463087906967,0.25716740604522353,False,False,True
scaffold,5000,6-7,Morgan + MLP,Morgan + XGB,0.0008691698312759344,0.0008691698312759344,0.8532703016285659,False,False,True
scaffold,7000,1-2,2D graph + GINE,RDKit + MLP,0.0139119327068329,0.0139119327068329,0.2089651346460537,False,False,True
scaffold,7000,2-3,RDKit + MLP,RDKit + XGB,0.016921104490756962,0.016921104490756962,0.10922587339886353,False,False,True
scaffold,7000,3-4,RDKit + XGB,RDKit + RF,0.0035198193461295018,0.0035198193461295018,0.0492575849881484,True,True,True
scaffold,7000,4-5,RDKit + RF,Morgan + MLP,0.04224118921452803,0.04224118921452803,5.690031908302958e-05,True,True,True
scaffold,7000,5-6,Morgan + MLP,Morgan + RF,0.005530332937654236,0.005530332937654236,0.4793250171402102,False,False,True
scaffold,7000,6-7,Morgan + RF,Morgan + XGB,0.003985545620504622,0.003985545620504622,0.7453609492835505,False,False,True
scaffold,8000,1-2,2D graph + GINE,RDKit + MLP,0.011401970684528362,0.011401970684528362,0.2781954393857471,False,False,True
scaffold,8000,2-3,RDKit + MLP,RDKit + XGB,0.01586501300334928,0.01586501300334928,0.11902431323488111,False,False,True
scaffold,8000,3-4,RDKit + XGB,RDKit + RF,0.0028097984458174603,0.0028097984458174603,0.029110109195565257,True,True,True
scaffold,8000,4-5,RDKit + RF,Morgan + MLP,0.039254720780733596,0.039254720780733596,5.262125899911045e-05,True,True,True
scaffold,8000,5-6,Morgan + MLP,Morgan + RF,0.0045890383803801615,0.0045890383803801615,0.44795397419439736,False,False,True
scaffold,8000,6-7,Morgan + RF,Morgan + XGB,0.010826385728125072,0.010826385728125072,0.29919359202655826,False,False,True
scaffold,10000,1-2,2D graph + GINE,RDKit + MLP,0.011941468715667699,0.011941468715667699,0.2398964174242052,False,False,True
scaffold,10000,2-3,RDKit + MLP,RDKit + XGB,0.018360881507396714,0.018360881507396714,0.07415975312435703,False,False,True
scaffold,10000,3-4,RDKit + XGB,RDKit + RF,0.0007335789965785434,0.0007335789965785434,0.6903662561697264,False,False,True
scaffold,10000,4-5,RDKit + RF,Morgan + MLP,0.035515835089763345,0.035515835089763345,0.0001016371230217475,True,True,True
scaffold,10000,5-6,Morgan + MLP,Morgan + RF,0.010733640118087917,0.010733640118087917,0.11894753847493228,False,False,True
scaffold,10000,6-7,Morgan + RF,Morgan + XGB,0.011997646169219806,0.011997646169219806,0.24856895686087938,False,False,True
